title,link,salary,location
C# Developer with Strong SQL Skills,https://www.sherlocktalent.com/job/7355-c-developer-with-strong-sql-skills/,$95000,Florida
"Contract PowerBI Developer, onsite West Palm Beach",https://www.sherlocktalent.com/job/7354-contract-powerbi-developer-onsite-west-palm-beach/,Depends on Experience,West Palm Beach
Business Analyst (Power BI / Azure Fabric / Databricks),https://www.sherlocktalent.com/job/7352-business-analyst-power-bi-azure-fabric-databricks/,$90000,Riviera Beach
Microsoft Dynamics 365 CRM / JavaScript/TypeScript Developer with Dataverse,https://www.sherlocktalent.com/job/7351-microsoft-dynamics-365-crm-javascript-typescript-developer-with-dataverse/,Depends on Experience,West Palm Beach
Senior DevOps Engineer (AWS) — ML Pipelines & FinOps,https://www.sherlocktalent.com/job/7349-senior-devops-engineer-aws-ml-pipelines-finops/,Depends on Experience,Miami
Senior DevOps Engineer (Multi-Cloud) — AI Platform & FinOps,https://www.sherlocktalent.com/job/7350-senior-devops-engineer-multi-cloud-ai-platform-finops/,Depends on Experience,miami
"Senior Network Comms Engineer, Cisco, Satellite, Int’l VPNs",https://www.sherlocktalent.com/job/7348-senior-network-comms-engineer-cisco-satellite-intl-vpns/,$130000,West Palm Beach
SQL Developer,https://www.sherlocktalent.com/job/7346-sql-developer/,Depends on Experience,Fort Lauderdale
Celigo Integration Engineer– BigCommerce & NetSuite,https://www.sherlocktalent.com/job/7345-celigo-integration-engineer-bigcommerce-netsuite/,Depends on Experience,Houston
Cisco Network Communications Engineer,https://www.sherlocktalent.com/job/7342-cisco-network-communications-engineer/,Depends on Experience,West Palm Beach
Generative AI & Creative Specialist for Next-Gen Marketing & Design,https://www.sherlocktalent.com/job/7339-generative-ai-creative-specialist-for-next-gen-marketing-design/,$140000,miami
AI Architect & Machine Learning Developer,https://www.sherlocktalent.com/job/7337-ai-architect-machine-learning-developer/,$180000,Miami
Power BI Data Analyst,https://www.sherlocktalent.com/job/7336-power-bi-data-analyst/,$90000,West Palm Beach
Machine Learning Engineer for Cloud Native AI SAAS,https://www.sherlocktalent.com/job/7335-machine-learning-engineer-for-cloud-native-ai-saas/,$200000,Bay Area
Golang Python for AI Full-Stack Platform Engineer for Cloud Native AI SAAS,https://www.sherlocktalent.com/job/7334-golang-python-for-ai-full-stack-platform-engineer-for-cloud-native-ai-saas/,$200000,Bay Area
API Engineer for Cloud Native AI SAAS,https://www.sherlocktalent.com/job/7333-api-engineer-for-cloud-native-ai-saas/,$200000,Bay Area
SRE & Data Engineer for Cloud Native AI SAAS,https://www.sherlocktalent.com/job/7332-sre-data-engineer-for-cloud-native-ai-saas/,$200000,Bay Area
SQL / AI / Business Analyst – Logistics/Automated Warehousing,https://www.sherlocktalent.com/job/7331-sql-ai-business-analyst-logistics-automated-warehousing/,$90000,West Palm Beach
Scrum Master,https://www.sherlocktalent.com/job/7329-scrum-master/,Depends on Experience,Nashville
UX/UI Front End Designer-Jr Level,https://www.sherlocktalent.com/job/7328-ux-ui-front-end-designer-jr-level/,Depends on Experience,Nashville
UX/UI Front End Designer-Mid Level,https://www.sherlocktalent.com/job/7327-ux-ui-front-end-designer-mid-level/,Depends on Experience,Nashville
UX/UI Front End Designer-Senior Level/Team Lead,https://www.sherlocktalent.com/job/7326-ux-ui-front-end-designer-senior-level-team-lead/,Depends on Experience,Nashville
Java Developer Mid – Senior Level (Contract),https://www.sherlocktalent.com/job/7325-java-developer-mid-senior-level-contract/,Depends on Experience,
"Linux On-Prem SOC Engineer, WAF, PCI, Forensics, OWASP Cyber Security",https://www.sherlocktalent.com/job/7324-linux-on-prem-soc-engineer-waf-pci-forensics-owasp-cyber-security/,Depends on Experience,Coral Springs
SAP Project Manager – SAP S4 Transformation,https://www.sherlocktalent.com/job/7323-sap-project-manager-sap-s4-transformation/,Depends on Experience,REMOTE
SAP Program Director – SAP S4 Transformation,https://www.sherlocktalent.com/job/7322-sap-program-director-sap-s4-transformation/,Depends on Experience,REMOTE
Executive Assistant,https://www.sherlocktalent.com/job/7321-executive-assistant/,Depends on Experience,North Miami
UX/UI Front End Designer-Senior Level/Team Lead,https://www.sherlocktalent.com/job/7319-ux-ui-front-end-designer-senior-level-team-lead/,Depends on Experience,Remote
Scrum Master,https://www.sherlocktalent.com/job/7317-scrum-master/,Depends on Experience,Remote
UX/UI Front End Designer-Jr Level,https://www.sherlocktalent.com/job/7316-ux-ui-front-end-designer-jr-level/,Depends on Experience,Remote
UX/UI Front End Designer-Mid Level,https://www.sherlocktalent.com/job/7315-ux-ui-front-end-designer-mid-level/,Depends on Experience,Remote
"Project Manager, SAAS",https://www.sherlocktalent.com/job/7312-project-manager-saas/,$125000,Miami
"WAF, PCI, Forensics, OWASP Cyber Security Engineer",https://www.sherlocktalent.com/job/7311-waf-pci-forensics-owasp-cyber-security-engineer/,Depends on Experience,Coral Springs
Senior .NET Developer,https://www.sherlocktalent.com/job/7308-senior-net-developer/,$150000,Miami
Senior Business Analyst,https://www.sherlocktalent.com/job/7307-senior-business-analyst/,$110000,Miami
.NET Development Manager,https://www.sherlocktalent.com/job/7306-net-development-manager/,$200000,Miami
Software Engineer with Node Mongo React,https://www.sherlocktalent.com/job/7305-software-engineer-with-node-mongo-react/,$125000,Hollywood
Senior Data Scientist,https://www.sherlocktalent.com/job/7302-senior-data-scientist/,$150000,Miami
BI/AI/ML Data Architect Developer,https://www.sherlocktalent.com/job/7301-bi-ai-ml-data-architect-developer/,$140000,Miami
PeopleSoft Technical Analyst,https://www.sherlocktalent.com/job/7300-peoplesoft-technical-analyst/,Depends on Experience,Riviera Beach
NetSuite Manufacturing Operations & Systems Analyst,https://www.sherlocktalent.com/job/7299-netsuite-manufacturing-operations-systems-analyst/,Depends on Experience,100% Remote
IT Support Specialist,https://www.sherlocktalent.com/job/7298-it-support-specialist/,Depends on Experience,Miramar
Software Developer Mid-level C#/SQL,https://www.sherlocktalent.com/job/7297-software-developer-mid-level-c-sql/,$75000,Coral Springs
IT Project Manager,https://www.sherlocktalent.com/job/7296-it-project-manager/,Depends on Experience,Phoenix
DevOps Engineer,https://www.sherlocktalent.com/job/7293-devops-engineer/,$150000,REMOTE
"IT Project Manager, Beverage Distribution & Warehousing, 100% Remote",https://www.sherlocktalent.com/job/7292-it-project-manager-beverage-distribution-warehousing-100-remote/,Depends on Experience,Remote
Quantum ERP Systems Analyst,https://www.sherlocktalent.com/job/7288-quantum-erp-systems-analyst/,Depends on Experience,Phoenix
IT Project Manager,https://www.sherlocktalent.com/job/7282-it-project-manager/,Depends on Experience,Glendale
IT Support Manager,https://www.sherlocktalent.com/job/7281-it-support-manager/,$95000,Coral Gables
IT Implementation Specialist,https://www.sherlocktalent.com/job/7279-it-implementation-specialist/,Depends on Experience,Glendale
IT Business Analyst,https://www.sherlocktalent.com/job/7278-it-business-analyst/,Depends on Experience,Glendale
Business Analyst (IT Architect),https://www.sherlocktalent.com/job/7273-business-analyst-it-architect/,$110000,Maryland / Virginia
SAP Consultant – Vistex Pricing,https://www.sherlocktalent.com/job/7272-sap-consultant-vistex-pricing/,Depends on Experience,REMOTE
"SAP Operations Functional  Consultant  – MM, WM, PTP, knowledge",https://www.sherlocktalent.com/job/7271-sap-operations-functional-consultant-mm-wm-ptp-knowledge/,Depends on Experience,REMOTE
SAP ABAP Developer,https://www.sherlocktalent.com/job/7270-sap-abap-developer/,Depends on Experience,REMOTE
SAP FICO Functional Consultant,https://www.sherlocktalent.com/job/7269-sap-fico-functional-consultant/,Depends on Experience,Los Angeles
SAP SD Functional Consultant,https://www.sherlocktalent.com/job/7268-sap-sd-functional-consultant/,Depends on Experience,REMOTE
SAP Workstream Implementation Project /Program Manager,https://www.sherlocktalent.com/job/7267-sap-workstream-implementation-project-program-manager/,Depends on Experience,REMOTE
DevOps Engineer,https://www.sherlocktalent.com/job/7266-devops-engineer/,$140000,Miramar
Software Developer C#/SQL,https://www.sherlocktalent.com/job/7261-software-developer-c-sql/,$100000,Ft. Lauderdale
AWS DevOps Lift & Shift Expert,https://www.sherlocktalent.com/job/7260-aws-devops-lift-shift-expert/,Depends on Experience,Remote
Azure API Developer,https://www.sherlocktalent.com/job/7258-azure-api-developer/,Depends on Experience,Remote
EDI Analyst,https://www.sherlocktalent.com/job/7255-edi-analyst/,Depends on Experience,Sunrise
"SAP contract Program Manager Finance, Procurement, SD, OTC, Warehouse",https://www.sherlocktalent.com/job/7254-sap-contract-program-manager-finance-procurement-sd-otc-warehouse/,Depends on Experience,Los Angeles
"Software Engineer, Flask APIs, Python, SQL and AWS  – 100% REMOTE",https://www.sherlocktalent.com/job/7253-software-engineer-flask-apis-python-sql-and-aws-100-remote/,$130000,REMOTE
Software Engineer with Node Mongo React,https://www.sherlocktalent.com/job/7248-software-engineer-with-node-mongo-react/,$125000,Hollywood
Computer Technician II,https://www.sherlocktalent.com/job/7245-computer-technician-ii/,$65000,Coconut Creek
MSP Network Admin Level 2 Support,https://www.sherlocktalent.com/job/7243-msp-network-admin-level-2-support/,$85000,Sunrise
C# Developer / Mid Level / Hybrid onsite – Coral Gables,https://www.sherlocktalent.com/job/7240-c-developer-mid-level-hybrid-onsite-coral-gables/,$125000,Coral Gables 2 days onsite
Java Developer Mid – Level (Contract) (Remote),https://www.sherlocktalent.com/job/7239-java-developer-mid-level-contract-remote/,Depends on Experience,REMOTE
"Software Engineering Manager Practice Lead 1, Full Stack Java",https://www.sherlocktalent.com/job/7238-software-engineering-manager-practice-lead-1-full-stack-java/,$220000,South Florida Hybrid
Android Java Kotlin Mobile Developer,https://www.sherlocktalent.com/job/7236-android-java-kotlin-mobile-developer/,$160000,Hybrid South Florida
"DevX/DevOps Platform Developer Java, React, Node, Python, JavaScript or others, GITHUB",https://www.sherlocktalent.com/job/7234-devx-devops-platform-developer-java-react-node-python-javascript-or-others-github/,$160000,South Florida Hybrid
Sr. Software Engineer (.NET) 100% Remote,https://www.sherlocktalent.com/job/7230-sr-software-engineer-net-100-remote/,$160000,100% Remote
Integrations Software Engineer (.NET) 100% Remote,https://www.sherlocktalent.com/job/7229-integrations-software-engineer-net-100-remote/,$140000,100% Remote
Full-Stack Team Lead (.NET),https://www.sherlocktalent.com/job/7228-full-stack-team-lead-net/,$160000,100% Remote
.NET Director of Engineering 100% Remote,https://www.sherlocktalent.com/job/7227-net-director-of-engineering-100-remote/,$200000,100% Remote
Process Automation Developer,https://www.sherlocktalent.com/job/7226-process-automation-developer/,$100000,Boca Raton
Project Manager,https://www.sherlocktalent.com/job/7223-project-manager/,$120000,Ft. Lauderdale
Senior Software Engineer Full Stack Java,https://www.sherlocktalent.com/job/7221-senior-software-engineer-full-stack-java/,$180000,South Florida Hybrid
Software Engineer Full Stack Java,https://www.sherlocktalent.com/job/7220-software-engineer-full-stack-java/,$160000,South Florida Hybrid
Data Architect – Financial Trading Domain Expertise,https://www.sherlocktalent.com/job/7218-data-architect-financial-trading-domain-expertise/,$300000,REMOTE
QA Manual Tester,https://www.sherlocktalent.com/job/7216-qa-manual-tester/,$80000,Ft lauderdale
"QA Test Automation, Manager",https://www.sherlocktalent.com/job/7215-qa-test-automation-manager/,$160000,Ft Lauderdale
Oracle DBA,https://www.sherlocktalent.com/job/7212-oracle-dba/,Depends on Experience,REMOTE
Senior .NET Azure SAP Developer,https://www.sherlocktalent.com/job/7211-senior-net-azure-sap-developer/,$150000,REMOTE
"Director, IT Architecture and Compliance",https://www.sherlocktalent.com/job/7210-director-it-architecture-and-compliance/,Depends on Experience,REMOTE
.NET Azure Cloud Developer,https://www.sherlocktalent.com/job/7194-net-azure-cloud-developer/,Depends on Experience,Hialeah
Manager/Director of Software Engineering,https://www.sherlocktalent.com/job/7193-manager-director-of-software-engineering/,Depends on Experience,Ft. Lauderdale
"Blazor Developer, 100% Remote, 40 hr/wk, your choice of when",https://www.sherlocktalent.com/job/7184-blazor-developer-100-remote-40-hr-wk-your-choice-of-when/,Depends on Experience,Miami
Development Operations Leader,https://www.sherlocktalent.com/job/7183-development-operations-leader/,$250000,REMOTE
"Leadership role, Senior Java Back End Engineer, Team Leader",https://www.sherlocktalent.com/job/7182-leadership-role-senior-java-back-end-engineer-team-leader/,$250000,REMOTE
"Full Stack JavaScript/Node Developer, 100% Remote",https://www.sherlocktalent.com/job/7178-full-stack-javascript-node-developer-100-remote/,Depends on Experience,REMOTE
"Senior Back End/PHP, 100% Remote",https://www.sherlocktalent.com/job/7174-senior-back-end-php-100-remote/,$140000,REMOTE
Scrum Master,https://www.sherlocktalent.com/job/7172-scrum-master/,Depends on Experience,Boca Raton
Business / Data Analyst,https://www.sherlocktalent.com/job/7171-business-data-analyst/,Depends on Experience,REMOTE
Data Scientist and Analytics Engineer,https://www.sherlocktalent.com/job/7170-data-scientist-and-analytics-engineer/,Depends on Experience,REMOTE
Senior React Developer,https://www.sherlocktalent.com/job/7169-senior-react-developer/,$300000,Miami
"QA Automation Engineer, 100% Remote",https://www.sherlocktalent.com/job/7159-qa-automation-engineer-100-remote/,$120000,REMOTE
"C++ Developer, 100% Remote",https://www.sherlocktalent.com/job/7157-c-developer-100-remote/,$170000,REMOTE
DevOps with EDA,https://www.sherlocktalent.com/job/7156-devops-with-eda/,$150000,REMOTE
Full Stack Engineer/React-Redux,https://www.sherlocktalent.com/job/7155-full-stack-engineer-react-redux/,$140000,REMOTE
"Senior Application Developer, 100% Remote",https://www.sherlocktalent.com/job/7153-senior-application-developer-100-remote/,Depends on Experience,Miami
Senior QA Software/ Hardware Tester,https://www.sherlocktalent.com/job/7152-senior-qa-software-hardware-tester/,Depends on Experience,Boca Raton/Hybrid
Front End Dev Angular,https://www.sherlocktalent.com/job/7151-front-end-dev-angular/,Depends on Experience,Boca Raton/Hybrid
Senior .NET Developer – On-site,https://www.sherlocktalent.com/job/7150-senior-net-developer-on-site/,$170000,Boca Raton/Hybrid
Python Backend Developer Data Engineer 100% Remote,https://www.sherlocktalent.com/job/7148-python-backend-developer-data-engineer-100-remote/,$120000,Hollywood
Junior Backend Engineer,https://www.sherlocktalent.com/job/7147-junior-backend-engineer/,Depends on Experience,REMOTE
Sr. Frontend Engineer (REMOTE),https://www.sherlocktalent.com/job/7146-sr-frontend-engineer-remote/,Depends on Experience,REMOTE
Excellent Career move for Software Business Analyst,https://www.sherlocktalent.com/job/7145-excellent-career-move-for-software-business-analyst/,Depends on Experience,REMOTE
Machine Learning Engineer 100% Remote,https://www.sherlocktalent.com/job/7143-machine-learning-engineer-100-remote/,Depends on Experience,Hollywood
Software Implementation Specialist needed for Growing Software company,https://www.sherlocktalent.com/job/7142-software-implementation-specialist-needed-for-growing-software-company/,Depends on Experience,Fort Lauderdale
"Sr. Front End Developer, 100% Remote",https://www.sherlocktalent.com/job/7140-sr-front-end-developer-100-remote/,$110000,Remote
MicrsoStrategy Consultant/Developer,https://www.sherlocktalent.com/job/7138-micrsostrategy-consultant-developer/,Depends on Experience,REMOTE
Azure Solution Architect/Sales Engineer,https://www.sherlocktalent.com/job/7137-azure-solution-architect-sales-engineer/,Depends on Experience,REMOTE
AWS Solution Architect / Sales Engineer,https://www.sherlocktalent.com/job/7136-aws-solution-architect-sales-engineer/,Depends on Experience,REMOTE
"Senior Java Test Engineer, 100% remote",https://www.sherlocktalent.com/job/7135-senior-java-test-engineer-100-remote/,$130000,Boca Raton
Power BI – Dashboard Data Analyst,https://www.sherlocktalent.com/job/7134-power-bi-dashboard-data-analyst/,Depends on Experience,Miami
Senior Java Spring Lombok Engineer,https://www.sherlocktalent.com/job/7131-senior-java-spring-lombok-engineer/,$150000,Hollywood
Senior QA Test Automation Engineer,https://www.sherlocktalent.com/job/7129-senior-qa-test-automation-engineer/,$150000,Ft lauderdale
Senior Front-End Engineer 100% Remote,https://www.sherlocktalent.com/job/7128-senior-front-end-engineer-100-remote/,$130000,REMOTE
DevOps Engineer,https://www.sherlocktalent.com/job/7127-devops-engineer-2/,$150000,REMOTE
"Senior Backend Developer/PHP, 100% Remote",https://www.sherlocktalent.com/job/7126-senior-backend-developer-php-100-remote/,$140000,REMOTE
Algorand Engineer / Blockchain,https://www.sherlocktalent.com/job/7121-algorand-engineer-blockchain/,Depends on Experience,REMOTE
Financial Technologist / Azure DevOps Business Analyst,https://www.sherlocktalent.com/job/7117-financial-technologist-azure-devops-business-analyst/,Depends on Experience,Boca Raton
JavaScript Jedi (REMOTE),https://www.sherlocktalent.com/job/7116-javascript-jedi-remote/,$130000,Boca Raton
Head of Marketing,https://www.sherlocktalent.com/job/7114-head-of-marketing/,Depends on Experience,Fort Lauderdale
Telecom Engineer,https://www.sherlocktalent.com/job/7110-telecom-engineer/,$100000,Ft. Lauderdale
Front End Engineer,https://www.sherlocktalent.com/job/7107-front-end-engineer/,Depends on Experience,Ft. Lauderdale
"Manager of IT, Support Services",https://www.sherlocktalent.com/job/7101-manager-of-it-support-services/,$90000,Ft. Lauderdale
CyberSecurity Risk Analyst,https://www.sherlocktalent.com/job/7091-cybersecurity-risk-analyst/,$100000,Delray Beach
Compliance Analyst,https://www.sherlocktalent.com/job/7090-compliance-analyst/,$90000,Delray Beach
Business Analyst / IT Project Manager,https://www.sherlocktalent.com/job/7086-business-analyst-it-project-manager/,$120000,Boca Raton
Power Platform Developer,https://www.sherlocktalent.com/job/7085-power-platform-developer/,$140000,Boca Raton
C# Developer / Mid Level / REMOTE,https://www.sherlocktalent.com/job/7083-c-developer-mid-level-remote/,$130000,REMOTE
Manager of Engineering,https://www.sherlocktalent.com/job/7074-manager-of-engineering/,$130000,Boca Raton
Product Designer (Remote),https://www.sherlocktalent.com/job/7073-product-designer-remote/,$110000,Boca Raton
DevOps AWS Engineer (Remote),https://www.sherlocktalent.com/job/7072-devops-aws-engineer-remote/,$140000,Miami
Java Developer Mid – Level (Contract) (Remote),https://www.sherlocktalent.com/job/7071-java-developer-mid-level-contract-remote/,Depends on Experience,REMOTE
Senior Software Developer C# and  SQL,https://www.sherlocktalent.com/job/7070-senior-software-developer-c-and-sql/,$135000,Plantation
Senior Back End Software Engineer(Remote),https://www.sherlocktalent.com/job/7057-senior-back-end-software-engineerremote/,$160000,Ft. Lauderdale
Back End Software Engineer(Remote),https://www.sherlocktalent.com/job/7056-back-end-software-engineerremote/,$120000,Fort Lauderdale
API Laravel/Lumen Developer(Remote),https://www.sherlocktalent.com/job/3559-api-laravel-lumen-developerremote/,$140000,Boca Raton
React Laravel Front End Developer (Remote),https://www.sherlocktalent.com/job/3558-react-laravel-front-end-developer-remote/,$110000,Boca Raton
Crypto Developer (Remote),https://www.sherlocktalent.com/job/3557-crypto-developer-remote/,$250000,Florida
Amazon Expert,https://www.sherlocktalent.com/job/3556-amazon-expert/,$80000,Hollywood
EdTech Technical Sales Professional,https://www.sherlocktalent.com/job/3554-edtech-technical-sales-professional/,Depends on Experience,Boca Raton
Senior Software Engineer,https://www.sherlocktalent.com/job/3551-senior-software-engineer/,$140000,REMOTE
Senior DevOps Engineer (Remote),https://www.sherlocktalent.com/job/3550-senior-devops-engineer-remote/,$140000,Boca Raton
Application Security Engineer (Remote),https://www.sherlocktalent.com/job/3549-application-security-engineer-remote/,$145000,Boca Raton
Sr. SQL/Full Stack Developer,https://www.sherlocktalent.com/job/3548-sr-sql-full-stack-developer/,$100000,Fort Lauderdale
"IT Security Engineer, Level III",https://www.sherlocktalent.com/job/3547-it-security-engineer-level-iii/,$85000,Ft. Lauderdale
Senior Software Engineer (Remote),https://www.sherlocktalent.com/job/3544-senior-software-engineer-remote/,$140000,Ft. Lauderdale
Marketing Project Manager,https://www.sherlocktalent.com/job/3543-marketing-project-manager/,Depends on Experience,Aventura
Software Engineer,https://www.sherlocktalent.com/job/3539-software-engineer/,$80000,Sunrise
Sr. Security Engineer,https://www.sherlocktalent.com/job/3531-sr-security-engineer/,Depends on Experience,Fort Lauderdale
AWS Cloud Engineer/SecOps (Remote),https://www.sherlocktalent.com/job/3527-aws-cloud-engineer-secops-remote/,Depends on Experience,Ft. Lauderdale
Azure Cloud Engineer (Remote),https://www.sherlocktalent.com/job/3525-azure-cloud-engineer-remote/,Depends on Experience,Ft. Lauderdale
Your Resume Upload Link for Non-listed Jobs,https://www.sherlocktalent.com/job/3524-your-resume-upload-link-for-non-listed-jobs/,Depends on Experience,Anywhere / Remote
JavaScript React Node.js Developer,https://www.sherlocktalent.com/job/3523-javascript-react-node-js-developer/,Depends on Experience,Boynton Beach
Jr-Mid-level IT Windows Administrator/Support,https://www.sherlocktalent.com/job/3521-jr-mid-level-it-windows-administrator-support/,$45000,Coral Springs
Public Relations – Senior Account Executive,https://www.sherlocktalent.com/job/3519-public-relations-senior-account-executive/,$55000,Miami
C# FinTech Developer,https://www.sherlocktalent.com/job/3514-c-fintech-developer/,$70000,Coral Springs
Remote DevOps Architect (Remote),https://www.sherlocktalent.com/job/3510-remote-devops-architect-remote/,$150000,West Palm Beach
Data Architect,https://www.sherlocktalent.com/job/3506-data-architect/,$115000,Miami
Creative Director,https://www.sherlocktalent.com/job/3489-creative-director/,$100000,Miami
Project Manager – Security/IAM,https://www.sherlocktalent.com/job/3486-project-manager-security-iam/,Depends on Experience,Miami
"Project Manager, IT Security",https://www.sherlocktalent.com/job/3485-project-manager-it-security/,Depends on Experience,Ft. Lauderdale
"Business Process Analyst, App Dev",https://www.sherlocktalent.com/job/3480-business-process-analyst-app-dev/,$90000,Miramar
Technology Manager,https://www.sherlocktalent.com/job/3470-technology-manager/,$80000,Miami
Senior Java Developer,https://www.sherlocktalent.com/job/3469-senior-java-developer/,Depends on Experience,Miami
"Director, Digital Product",https://www.sherlocktalent.com/job/3466-director-digital-product/,$180000,Miami
Node.js / Full Stack Developer,https://www.sherlocktalent.com/job/3462-node-js-full-stack-developer/,$95000,Miami
Director – End User Experience,https://www.sherlocktalent.com/job/3457-director-end-user-experience/,$180000,Miami
"Director, Global Network Services",https://www.sherlocktalent.com/job/3456-director-global-network-services/,$180000,Miami
Chief Information Security Officer – CISO,https://www.sherlocktalent.com/job/3452-chief-information-security-officer-ciso/,$180000,Boca Raton
Graphic Designer,https://www.sherlocktalent.com/job/3449-graphic-designer/,$60000,San Francisco
Director of PR Business Development,https://www.sherlocktalent.com/job/3443-director-of-pr-business-development/,$80000,Miami
Sr. SQL/Full Stack Developer,https://www.sherlocktalent.com/job/3437-sr-sql-full-stack-developer/,$100000,Fort Lauderdale
BI Analyst,https://www.sherlocktalent.com/job/3431-bi-analyst/,Depends on Experience,Coral Gables
Java  Developer,https://www.sherlocktalent.com/job/3430-java-developer/,$145000,REMOTE
IT Security – Director,https://www.sherlocktalent.com/job/3425-it-security-director/,$170000,Boca Raton
Public Relations –  Account Supervisor,https://www.sherlocktalent.com/job/3420-public-relations-account-supervisor/,$70000,Miami
Public Relations – Account Coordinator,https://www.sherlocktalent.com/job/3419-public-relations-account-coordinator/,$45000,Miami
Bilingual IBM Project Manager – Technical (Remote),https://www.sherlocktalent.com/job/3414-bilingual-ibm-project-manager-technical-remote/,$100000,Boca Raton
Sr. Security Development Engineer,https://www.sherlocktalent.com/job/3410-sr-security-development-engineer/,Depends on Experience,Miami
Developer – Magento,https://www.sherlocktalent.com/job/3408-developer-magento/,$150000,Boca Raton
Public Relations – Account Executive,https://www.sherlocktalent.com/job/3406-public-relations-account-executive/,$50000,Miami
Lead QA – Analyst,https://www.sherlocktalent.com/job/3395-lead-qa-analyst/,$85000,Fort Lauderdale
SharePoint – Developer – Admin,https://www.sherlocktalent.com/job/3388-sharepoint-developer-admin/,$120000,Boca Raton
Business Analyst – Medicare C & D,https://www.sherlocktalent.com/job/3383-business-analyst-medicare-c-d/,$75000,Fort Lauderdale
Marketing Manager – BD,https://www.sherlocktalent.com/job/3373-marketing-manager-bd/,$65000,Miami
IT Director – Micros Systems,https://www.sherlocktalent.com/job/3359-it-director-micros-systems/,$170000,Fort Lauderdale
Business Continuity and Disaster Recovery Analyst & Project Manager (two roles),https://www.sherlocktalent.com/job/3349-business-continuity-and-disaster-recovery-analyst-project-manager-two-roles/,$100000,Coral Springs
Product Manager- MAPD/PDP,https://www.sherlocktalent.com/job/3339-product-manager-mapd-pdp/,$110000,Fort Lauderdale
Business Analyst – Medicare Enrollment,https://www.sherlocktalent.com/job/3334-business-analyst-medicare-enrollment/,$75000,Fort Lauderdale
Java Developer – Mid Level (Contract),https://www.sherlocktalent.com/job/3312-java-developer-mid-level-contract/,Depends on Experience,Miami
QA Analyst,https://www.sherlocktalent.com/job/3308-qa-analyst/,$75000,Ft. Lauderdale
Software Developer (Junior and Mid),https://www.sherlocktalent.com/job/3159-software-developer-junior-and-mid/,$70000,Coral Gables
Senior Low Level Programmer with Video Drivers experience,https://www.sherlocktalent.com/job/3070-senior-low-level-programmer-with-video-drivers-experience/,Depends on Experience,"Miami, FL"
Senior DevOps Engineer (Remote),https://www.sherlocktalent.com/job/3063-senior-devops-engineer-remote/,$90000,MIami
Account Manager,https://www.sherlocktalent.com/job/3014-account-manager/,$125000,Miami Beach
Business Development Professional Sales,https://www.sherlocktalent.com/job/3005-business-development-professional-sales/,Depends on Experience,North Bay Village
Front End Developer,https://www.sherlocktalent.com/job/3000-front-end-developer/,Depends on Experience,Miami
Data Visualization developer,https://www.sherlocktalent.com/job/2984-data-visualization-developer/,Depends on Experience,Miami
Adobe Analytics Professional,https://www.sherlocktalent.com/job/2982-adobe-analytics-professional/,Depends on Experience,Miami
Systems Architect SAP ABAP Developer,https://www.sherlocktalent.com/job/2943-systems-architect-sap-abap-developer/,Depends on Experience,miami beach
Agile Business Analyst,https://www.sherlocktalent.com/job/2940-agile-business-analyst/,Depends on Experience,Miami
SAP Public Sector FI/CO,https://www.sherlocktalent.com/job/2936-sap-public-sector-fi-co/,Depends on Experience,miami beach
Salesforce Developer,https://www.sherlocktalent.com/job/2918-salesforce-developer/,$100000,Aventura
Full Stack Magento Developer,https://www.sherlocktalent.com/job/2907-full-stack-magento-developer/,$80000,Coconut Grove
Tech Recruiter,https://www.sherlocktalent.com/job/2659-tech-recruiter/,$100000,North Bay Village
Unity VR Game Developer,https://www.sherlocktalent.com/job/1283-unity-vr-game-developer/,Depends on Experience,
Talent Sourcer & IT Recruiter,https://www.sherlocktalent.com/job/47-talent-sourcer-it-recruiter/,Depends on Experience,Remote
