Training Center,Contact Info,Website,Training Director
Alaska AJEATT,"; 5800 B. Street; 
        ; Anchorage, AK 99518; 
        ; Phone: 907-337-9508; 
        ; Fax: 907-337-9500; 
    ; Website: ; http://alaskaelectricalapprenticeship.org;",http://alaskaelectricalapprenticeship.org,"; Melissa Caress; 
        ; melissa@ajeatt.org;"
Birmingham Electrical JATC,"; 5000 East Lake Blvd.; 
        ; Birmingham, AL 35217; 
        ; Phone: 205-849-5522; 
        ; Fax: 205-849-5521;",,"; Matthew Dudley; 
        ; matthew@bejatc.org;"
Mobile Electricians JATC,"; 2244 Halls Mill Road; 
        ; Mobile, AL 36606; 
        ; Phone: 251-478-4918; 
        ; Fax: 251-450-0957; 
    ; Website: ; http://www.mejatc.org;",http://www.mejatc.org,"; Randall C. Cromer; 
        ; randy@mobile-eta.com;"
Montgomery Electrical JATC,"; 1469 Jean Street; 
        ; Montgomery, AL 36107; 
        ; Phone: 334-272-8830; 
        ; Fax: 334-272-8831; 
    ; Website: ; https://ibew443.org/wireman-apprenticeship-1;",https://ibew443.org/wireman-apprenticeship-1,"; Herman Bayless; 
        ; herman@ibew443.org;"
North Alabama Electrical JATC,"; P.O. Box 141, 1805 E. 17th Street; 
        ; Sheffield, AL 35660; 
        ; Phone: 256-383-9507; 
        ; Fax: 256-383-9505; 
    ; Website: ; http://www.naljatc.org;",http://www.naljatc.org,"; Heath Robb; 
        ; heath.robb@naljatc.org;"
El Dorado Elec. JATC,"; 1067 Industrial Road; 
        ; El Dorado, AR 71730; 
        ; Phone: 870-312-4245; 
        ; Fax: null; 
    ; Website: ; http://www.eldoradojatc.com;",http://www.eldoradojatc.com,"; Voniece French; 
        ; eldoradojatc@suddenlinkmail.com;"
Fort Smith Elec. JATC,"; 2914 Midland Blvd.; 
        ; Ft. Smith, AR 72904; 
        ; Phone: 479-709-9604; 
        ; Fax: 479-474-8422;",,"; Casey R. Long; 
        ; casey_jatc@ibew700.com;"
Jonesboro Electrical JATC,"; P.O. Box 577; 
        ; Jonesboro, AR 72403; 
        ; Phone: 870-932-2114; 
        ; Fax: 870-932-6707;",,"; Lori McKenzie; 
        ; jatctd1516@gmail.com;"
Little Rock Elec. JATC,"; 7418 S. University Avenue; 
        ; Little Rock, AR 72209; 
        ; Phone: 501-565-0768; 
        ; Fax: 501-565-5911;",,"; Crystal Cormell; 
        ; lrjatc@lrjatc.com;"
Globe-Miami Electrical JATC,"; P.O. Box 108; 
        ; Globe, AZ 85502; 
        ; Phone: 928-200-5482; 
        ; Fax: 928-425-7233;",,"; null null; 
        ; null;"
Phoenix Electrical JATC,"; 1520 E. Indianola Avenue; 
        ; Phoenix, AZ 85014; 
        ; Phone: 602-263-8104; 
        ; Fax: 602-263-8722;",,"; Shawn Hutchinson; 
        ; shutchinson@pejatc.org;"
Tucson Electrical JATC,"; 1949 W. Gardner Lane; 
        ; Tucson, AZ 85708; 
        ; Phone: 520-790-4690; 
        ; Fax: 520-624-3955;",,"; Karen King; 
        ; kingk@tucsonjatc.org;"
Unisource Energy Services,"; 830 S. Acoma Blvd; 
        ; Lake Havasu, AZ 86406; 
        ; Phone: 928-505-7017; 
        ; Fax: null;",,"; Dustin Lockman; 
        ; dlockman@uesaz.com;"
Bermuda College,"; 21 Stonington Ave., South Rd.; 
        ; Paget, BM PG 04; 
        ; Phone: 441-236-9000; 
        ; Fax: null;",,"; Delroy Musson; 
        ; dmusson@college.bm;"
Kern County Electrical JATC,"; 3805 N. Sillect Avenue; 
        ; Bakersfield, CA 93308; 
        ; Phone: 661-324-0105; 
        ; Fax: 661-324-4121; 
    ; Website: ; http://www.kerncountyjatc.com;",http://www.kerncountyjatc.com,"; Anthony Ausbie; 
        ; anthony@428jatc.org;"
Tri County Electrical JATC,"; 10300 Merritt Street; 
        ; Castroville, CA 95012; 
        ; Phone: 831-633-3063; 
        ; Fax: 831-633-3068; 
    ; Website: ; http://www.tricountyjatc.org ;",http://www.tricountyjatc.org,"; null null; 
        ; info@tricountyjatc.org;"
"Fresno, Madera, Kings & Tulare Counties JATC","; 5420 E. Hedges Avenue; 
        ; Fresno, CA 93727; 
        ; Phone: 559-251-5174; 
        ; Fax: 559-251-0543; 
    ; Website: ; http://www.fresnojatc.org;",http://www.fresnojatc.org,"; William Torrence; 
        ; wtorrence@fresnojatc.org;"
Los Angeles County Electrical Training Institute,"; 6023 South Garfield Avenue; 
        ; Commerce, CA 90040; 
        ; Phone: 323-221-5881; 
        ; Fax: 323-721-6522; 
    ; Website: ; http://www.laett.com;",http://www.laett.com,"; David Nott; 
        ; director@laett.com;"
Central Valley Electrical JATC,"; 1925 Yosemite Blvd.; 
        ; Modesto, CA 95354; 
        ; Phone: 209-579-5417; 
        ; Fax: 209-521-0908;",,"; John Brown; 
        ; john@jatc684.org;"
Motion Picture Employers and IBEW No. 40,"; 5643 Vineland Avenue; 
        ; North Hollywood, CA 91601; 
        ; Phone: 818-762-4239; 
        ; Fax: 818-762-4379;",,"; Jesus (Jesse) Barron; 
        ; jesse@ibew40.org;"
Alameda County Electrical JATC,"; 14600 Catalina Street; 
        ; San Leandro, CA 94577; 
        ; Phone: 510-351-5282; 
        ; Fax: null; 
    ; Website: ; http://www.595jatc.org/;",http://www.595jatc.org/,"; Jason Bates; 
        ; jbates@595jatc.org;"
Contra Costa County Electrical JATC,"; 1255 Muir Road; 
        ; Martinez, CA 94553; 
        ; Phone: 925-372-7083; 
        ; Fax: 925-372-7948;",,"; Ray Green; 
        ; rayg@ibewlu302.com;"
Shasta-Butte Electrical JATC,"; 900 Locust Street, #7; 
        ; Redding, CA 96001; 
        ; Phone: 916-646-6688; 
        ; Fax: None;",,"; Chris Tillery; 
        ; ctillery@340jatc.org;"
Riverside Area Electrical JATC,"; 1855 Business Center Drive; 
        ; San Bernardino, CA 92408; 
        ; Phone: 909-890-1703; 
        ; Fax: 909-890-1746;",,"; Jonathan Rowe; 
        ; j.rowe@ieetc.org;"
Sacramento Area JATC,"; 2836 El Centro Road; 
        ; Sacramento, CA 95833; 
        ; Phone: 916-646-6688; 
        ; Fax: 916-646-0170;",,"; Chris Tillery; 
        ; ctillery@340jatc.org;"
"San Bernardino, Mono & Inyo Counties Elec.","; 1855 Business Center Drive; 
        ; San Bernardino, CA 92408; 
        ; Phone: 909-890-1703; 
        ; Fax: 909-890-1746;",,"; Jonathan Rowe; 
        ; j.rowe@ieetc.org;"
San Diego Electrical Training Trust,"; 4675 Viewridge Avenue, Suite D; 
        ; San Diego, CA 92123; 
        ; Phone: 858-569-6633; 
        ; Fax: 858-569-0624; 
    ; Website: ; http://www.etiedu.org;",http://www.etiedu.org,"; Kevin Johnson; 
        ; kjohnson@sdett.org;"
San Francisco Joint Electrical Training Trust,"; 4056 Mission Street; 
        ; San Francisco, CA 94112; 
        ; Phone: 415-587-2500; 
        ; Fax: 415-585-4117;",,"; Peter M. Chursin; 
        ; pchursin@sfjatc.com;"
Santa Clara JATC,"; 1873 Barber Lane; 
        ; Milpitas, CA 95035; 
        ; Phone: 408-453-1022; 
        ; Fax: 408-452-1784;",,"; Albert H. Lancaster III; 
        ; alancaster@etasv.org;"
San Luis Obispo County Elec. JATC,"; 6363 Edna Road; 
        ; San Luis Obispo, CA 93401; 
        ; Phone: 805-543-5693; 
        ; Fax: 805-544-3762;",,"; Jack Johnson; 
        ; jjohnson@ibew639.org;"
San Mateo County JATC,"; 625 Industrial Road; 
        ; San Carlos, CA 94070; 
        ; Phone: 650-591-5217; 
        ; Fax: 650-591-5219; 
    ; Website: ; http://smjatc617.org;",http://smjatc617.org,"; Kasitalea Abraham N. Talakai Jr.; 
        ; abe@smjatc617.org;"
Orange County Electrical Training Trust,"; 1261 E Dyer Road; 
        ; Santa Ana, CA 92705; 
        ; Phone: 714-245-9988; 
        ; Fax: 714-245-9984;",,"; Jerome W. Thomas; 
        ; jthomas@ocett.org;"
Santa Barbara County JATC,"; 222 West Carmen Lane, Suite 105; 
        ; Santa Maria, CA 93458; 
        ; Phone: 805-686-0903; 
        ; Fax: 805-686-0922;",,"; Gilbert Rea; 
        ; sharijbrunner@gmail.com;"
Redwood Empire JATC,"; 1726 Corby Avenue; 
        ; Santa Rosa, CA 95407; 
        ; Phone: 707-523-3837; 
        ; Fax: 707-523-3829;",,"; Rob Barsi; 
        ; robb@rejatc.org;"
San Joaquin & Calaveras Counties JATC,"; 1531 El Pinal Drive; 
        ; Stockton, CA 95205; 
        ; Phone: 209-462-0751; 
        ; Fax: 209-462-1451;",,"; Garrett Greer; 
        ; ggreer@595eastjatc.com;"
Solano/Napa Counties Electrical JATC,"; 720-A Technology Way; 
        ; Napa, CA 94558; 
        ; Phone: 707-251-0315; 
        ; Fax: 707-251-0316;",,"; Jack Paulson; 
        ; jatc@ibewlu180.org;"
Ventura County Electrical JATC,"; 241 Lombard St; 
        ; Oxnard, CA 93030; 
        ; Phone: 805-604-1145; 
        ; Fax: 805-604-1166; 
    ; Website: ; https://www.ibewlu952.org;",https://www.ibewlu952.org,"; Steve Earhart; 
        ; stevee@vcjatc.org;"
Northern California Sound & Communication JATC,"; 3033 Alvarado St.; 
        ; San Leandro, CA 94577; 
        ; Phone: 408-453-3101; 
        ; Fax: 408-453-5822;",,"; Terry Monroe; 
        ; terrym@norcal-jatc.com;"
California-Nevada Elec. AJATC,"; 9846 Limonite Avenue; 
        ; Riverside, CA 92509; 
        ; Phone: 951-685-8658; 
        ; Fax: 951-685-9473; 
    ; Website: ; http://www.calnevjatc.org ;",http://www.calnevjatc.org,"; Jimmy Skinner; 
        ; jskinner@calnevjatc.org;"
IBEW 213/NECA of B.C. Elec. Training Committee,"; Suite 100 – 1424 Broadway Street; 
        ; Port Coquitlam, BC V3C5W2; 
        ; Phone: 604-571-6540; 
        ; Fax: 604-571-6520;",,"; Phil Davis; 
        ; pdavis@ejtc.org;"
Ontario Communications Electricians TTF,"; 209-61 International Blvd.; 
        ; Rexdale, ON M9W6K4; 
        ; Phone: 416-674-6963; 
        ; Fax: 416-674-9541;",,"; Peter  Olders; 
        ; null;"
JAC Central Ontario,"; 5158 Fountain Street North; 
        ; Breslau, ON N0B1M0; 
        ; Phone: 519-648-3993; 
        ; Fax: 519-648-2992;",,"; Dave Graham; 
        ; trainingdirector@ibew804.ca;"
IBEW Local 502 Training Trust Fund,"; 26 Kiwanis Court; 
        ; Saint John, NB E2K4L2; 
        ; Phone: 506-635-8535; 
        ; Fax: 506-672-1185;",,"; Pat McGinnis; 
        ; null;"
Toronto Technical Education Committee,"; 1377 Lawrence Ave E; 
        ; Toronto, ON M3A 3P8; 
        ; Phone: 416-510-5276; 
        ; Fax: 416-510-3531;",,"; Suan Boorman; 
        ; susanb@ibew353.org;"
Essex & Kent JATC,"; 4050 North Service Road East; 
        ; Windsor, ON N8W5X2; 
        ; Phone: 519-948-2221; 
        ; Fax: 519-948-7670;",,"; Les Taffinder; 
        ; laurie@ibew773.ca;"
IBEW Local 586 Local Apprenticeship Committee,"; 1178 Rainbow Street; 
        ; Gloucester, Ottawa, ON K1J6X7; 
        ; Phone: 613-741-5665; 
        ; Fax: 613-741-4789;",,"; David  Cribb; 
        ; null;"
Electrical Industry Education Trust Fund,"; 4234 93 Street #201; 
        ; Edmonton, AB T6C2S1; 
        ; Phone: 780-462-5729; 
        ; Fax: 780-437-0248;",,"; Todd Chrunik; 
        ; todd@eitca.ca;"
Joint Apprenticeship Council,"; 28 Fulton Way; 
        ; Richmond Hill, ON L4B 1J5; 
        ; Phone: 905-882-6484; 
        ; Fax: 905-882-9757;",,"; Erik Hueglin; 
        ; ehueglin@electricalapprenticeship.ca;"
IBEW Local 625 JATC,"; 24 Lakeside Park Drive Suite 202; 
        ; Lakeside, NS B3T 1L1; 
        ; Phone: 902-450-5625; 
        ; Fax:  ;",,"; Blair Mikkelson; 
        ; jatc@ibewlocal625.ca;"
Colorado Springs Electrical JATC,"; 414 West Pikes Peak Avenue; 
        ; Colorado Springs, CO 80905; 
        ; Phone: 719-473-1781; 
        ; Fax: 719-471-8488; 
    ; Website: ; http://www.csejatc.org;",http://www.csejatc.org,"; John L. DeLuke Jr.; 
        ; john@csejatc.org;"
Denver Area Electrical JATC,"; 5610 N. Logan Street; 
        ; Denver, CO 80216; 
        ; Phone: 303-295-1903; 
        ; Fax: 303-296-8819; 
    ; Website: ; http://www.djeatc68.com;",http://www.djeatc68.com,"; Daniel Hendricks; 
        ; dhendricks@djeatc68.com;"
Western Colorado JATC,"; 786 Valley Ct; 
        ; Grand Junction, CO 81505; 
        ; Phone: 303-295-1903; 
        ; Fax: null; 
    ; Website: ; http://www.wcjatc.com;",http://www.wcjatc.com,"; Dan Hendricks; 
        ; dhendricks@djeatc68.com;"
Pueblo Electrical JATC,"; 2924 Graneros Lane; 
        ; Pueblo, CO 81005; 
        ; Phone: 719-561-8000; 
        ; Fax: 719-561-8899; 
    ; Website: ; http://www.pueblojatc.org;",http://www.pueblojatc.org,"; Daniel W. ""Dan"" Kraus; 
        ; dan@pueblojatc.org;"
L.U. 488 IBEW-NECA JATC,"; 721 Main Street; 
        ; Monroe, CT 06468; 
        ; Phone: 203-452-7679; 
        ; Fax: 203-459-2553;",,"; Thomas Sportini; 
        ; jatc488@yahoo.com;"
Hartford Electricians JATC,"; 208 Murphy Road; 
        ; Hartford, CT 06114; 
        ; Phone: 860-525-5982; 
        ; Fax: 860-278-4373; 
    ; Website: ; http://www.ibewlocal35.org;",http://www.ibewlocal35.org,"; Frank Puzzo; 
        ; fpuzzo@jatc35.org;"
NECA and Local 90 JATC,"; 2 North Plains Industrial Road; 
        ; Wallingford, CT 06492; 
        ; Phone: 203-265-3820; 
        ; Fax: 203-265-6875;",,"; Paul J.  Costello; 
        ; pcostello@jatc90.org;"
"L.U. 26, JATC","; 4371 Parliament Place, Suite A; 
        ; Lanham, MD 20706; 
        ; Phone: 301-429-2575; 
        ; Fax: 301-429-2561; 
    ; Website: ; http://www.washdcjatc.org;",http://www.washdcjatc.org,"; William E. Murphy; 
        ; bmurphy@jatc26.org;"
Delaware Electrical Apprenticeship,"; 814 W. Basin Road; 
        ; New Castle, DE 19720; 
        ; Phone: 302-322-5089; 
        ; Fax: 302-689-4449; 
    ; Website: ; http://www.ibew313.org;",http://www.ibew313.org,"; Joseph Zoladkiewicz; 
        ; jzoladkiewicz@jatc313.org;"
Daytona Beach Electrical JATC,"; 5889 South Williamson Blvd Suite 1308; 
        ; Port Orange, FL 32128; 
        ; Phone: 386-322-6236; 
        ; Fax: 386-322-6238;",,"; Robert Cruz; 
        ; rcruz@etadb.org;"
Florida East Coast Electrical JATC,"; 4620 Summit Blvd; 
        ; West Palm Beach, FL 33415; 
        ; Phone: 561-968-4400; 
        ; Fax: 561-968-1390;",,"; Richard Shawbell; 
        ; rshawbell@ibew728.org;"
Gainesville Electrical JATC,"; 2420 NE 17th Terrace; 
        ; Gainesville, FL 32627; 
        ; Phone: 352-376-8375; 
        ; Fax: 352-371-0288;",,"; Shawn C.  Graves; 
        ; gainesvillejatc@bellsouth.net;"
Jacksonville Electrical JATC,"; 4951 Richard Street; 
        ; Jacksonville, FL 32207; 
        ; Phone: 904-737-7533; 
        ; Fax: 904-737-7534; 
    ; Website: ; http://www.etajax.org;",http://www.etajax.org,"; Daniel R. Van Sickle; 
        ; dvansickle@etajax.org;"
Miami Electrical JATC,"; 1657 NW 17th Avenue; 
        ; Miami, FL 33125; 
        ; Phone: 305-324-7578; 
        ; Fax: 305-325-9916;",,"; Kenneth Fennell; 
        ; kennethf@ibew349.org;"
Central Florida Electrical JATC,"; 2738 N. Forsyth Road; 
        ; Winter Park, FL 32792; 
        ; Phone: 407-678-3733; 
        ; Fax: 407-657-9851;",,"; Sean S. Donnelly; 
        ; sdonnelly@etacfl.org;"
Gulf Coast Electrical JATC,"; 7830 N. Palafox Street; 
        ; Pensacola, FL 32534; 
        ; Phone: 850-477-8767; 
        ; Fax: 850-477-8768;",,"; James M. Fowler; 
        ; jmfowler676@yahoo.com;"
Tampa Area Electrical JATC,"; 5625 Harney Road; 
        ; Tampa, FL 33610; 
        ; Phone: 813-621-3002; 
        ; Fax: 813-628-0278; 
    ; Website: ; http://www.tampajatc.org;",http://www.tampajatc.org,"; Dave  McCraw; 
        ; david.mccraw@tampajatc.org;"
Albany Electrical JATC,"; P.O. Box 916; 
        ; Albany, GA 31702; 
        ; Phone: 229-436-2417; 
        ; Fax: 229-436-0992;",,"; Timothy Forehand; 
        ; tforehand.njatc@gmail.com;"
Atlanta Electrical JATC,"; 6601 Bay Circle; 
        ; Norcross, GA 30071; 
        ; Phone: 404-523-5400; 
        ; Fax: 404-525-6761; 
    ; Website: ; http://www.electricaltrainingcenter.org;",http://www.electricaltrainingcenter.org,"; Russell  Smith; 
        ; rsmith@aejatc.org;"
CSRA Electrical JATC,"; 1248 Reynolds Street; 
        ; Augusta, GA 30901; 
        ; Phone: 706-722-4100; 
        ; Fax: 706-722-9555; 
    ; Website: ; http://www.ibew1579.org/apprenticeship.html ;",http://www.ibew1579.org/apprenticeship.html,"; Donald M. Kelly IV; 
        ; donaldkelly@csraelectrical.net;"
Macon Electrical JATC,"; 1046 Patterson Street; 
        ; Macon , GA 31204; 
        ; Phone: 478-743-7017; 
        ; Fax: 478-743-4482;",,"; Halley Duncan; 
        ; halleyd@maconelectricaljatc.com;"
Savannah Electrical Training Alliance,"; 1526 Dean Forest Road; 
        ; Savannah, GA 31408; 
        ; Phone: 912-964-1989; 
        ; Fax: 912-964-5656; 
    ; Website: ; http://www.sav-electricaltrainingalliance.com;",http://www.sav-electricaltrainingalliance.com,"; Jason Andrews; 
        ; trainingdirector@saveta.onmicrosoft.com;"
SELCAT,"; 90 Newnan South Industrial Drive; 
        ; Newnan, GA 30263; 
        ; Phone: 678-423-1338; 
        ; Fax: 678-423-1341; 
    ; Website: ; http://www.selcat.com;",http://www.selcat.com,"; Danny Haddad; 
        ; jenniferg@selcat.com;"
Hawaii Electricians JATC,"; 1935 Hau Street, Suite 400; 
        ; Honolulu, HI 96819; 
        ; Phone: 808-847-0629; 
        ; Fax: 808-843-8818;",,"; Mimi Sroat; 
        ; mimi@hetf1186.org;"
Southeast Iowa Electrical JATC,"; 1205 N. Central Avenue; 
        ; Burlington, IA 52601; 
        ; Phone: 319-753-1165; 
        ; Fax: null;",,"; Jamey Weinreich; 
        ; apprenticeship@seiajatc.org;"
Cedar Rapids Electrical JATC,"; 2300 Johnson Avenue, N.W.; 
        ; Cedar Rapids, IA 52405; 
        ; Phone: 319-654-9238; 
        ; Fax: 319-654-9244;",,"; Jebediah Novak; 
        ; jebediahnovak@crejatc.org;"
Des Moines Electrical Apprenticeship & Training Trust,"; 10700 Justin Drive; 
        ; Urbandale, IA 50322; 
        ; Phone: 515-224-4349; 
        ; Fax: 515-224-2956; 
    ; Website: ; http://www.dmelejatc.org;",http://www.dmelejatc.org,"; Stephen Hansen; 
        ; shansen@dmelejatc.org;"
Dubuque Electrical JATC,"; 1948 NW 92nd Ct; 
        ; Clive, IA 52001; 
        ; Phone: 563-513-9948; 
        ; Fax: 563-557-0319;",,"; Greg Willging; 
        ; willginggr@nicc.edu;"
Sioux City Electrical JATC,"; 319 Sergeant Square Drive; 
        ; Sergeant Bluff, IA 51054; 
        ; Phone: 712-219-5375; 
        ; Fax: 712-219-5374; 
    ; Website: ; http://www.scjatc.org;",http://www.scjatc.org,"; Thomas Zeman; 
        ; tom.zeman@scjatc.org;"
Waterloo Electrical JATC,"; 1693 Burton Ave; 
        ; Waterloo, IA 50703; 
        ; Phone: 319-232-5374; 
        ; Fax: null;",,"; Christina Henzen; 
        ; apprenticeship@ibew288.org;"
Missouri Valley Line Constructors JATC,"; 1600 E. Iowa Ave; 
        ; Indianola, IA 50125; 
        ; Phone: 515-961-5062; 
        ; Fax: 515-961-7332; 
    ; Website: ; http://www.movalleyjatc.org;",http://www.movalleyjatc.org,"; David Audette; 
        ; daudette@movalleyjatc.org;"
Southwestern Idaho Electrical JATC,"; 12302 W. Explorer Drive Suite 130; 
        ; Boise, ID 83713; 
        ; Phone: 208-384-0538; 
        ; Fax: 208-384-0081;",,"; Miles Whittington; 
        ; miles@idahoelectricalapprenticeship.org;"
Eastern Idaho Electrical JATC,"; 8450 S. 5th Ave; 
        ; Pocatello, ID 83204; 
        ; Phone: 208-232-4300; 
        ; Fax: 208-232-7883; 
    ; Website: ; https://www.eijatc.org;",https://www.eijatc.org,"; Christopher Kress Lochridge; 
        ; chris@eijatc.org;"
Electrician Joint Apprenticeship IBEW 649,"; 3941 Humbert Road; 
        ; Alton, IL 62002; 
        ; Phone: 618-463-7792; 
        ; Fax: 618-463-7794;",,"; Frank J. Trost; 
        ; ftrost@yahoo.com;"
NECA-IBEW Local Union 461 JATC,"; 591 Sullivan Road, Suite 200; 
        ; Aurora, IL 60506; 
        ; Phone: 630-897-0461; 
        ; Fax: 630-897-1317;",,"; Mike  Angelo; 
        ; jatc@ibew461.com;"
Bloomington/Normal JATC,"; 2407 Beich Road, Suite B; 
        ; Bloomington, IL 61705; 
        ; Phone: 309-829-9819; 
        ; Fax: 309-821-0388; 
    ; Website: ; http://www.ibew197.org/apprenticeship;",http://www.ibew197.org/apprenticeship,"; Lester Parker; 
        ; director@bnjatc.org;"
Champaign-Urbana JATC,"; 3301 N. Boardwalk Drive; 
        ; Champaign, IL 61822; 
        ; Phone: 217-352-3704; 
        ; Fax: 217-352-6701;",,"; Edward L. (Tui) Lynch II; 
        ; cujatc@ibew601.org;"
Chicago EJATT,"; 6201 W. 115th Street; 
        ; Alsip, IL 60803; 
        ; Phone: 708-389-1340; 
        ; Fax: 708-389-2840;",,"; Gene Kent; 
        ; gkent@ejatt.com;"
Southwestern Illinois JATC,"; 2000 B Mall Street; 
        ; Collinsville, IL 62234; 
        ; Phone: 618-343-1954 ext. 243; 
        ; Fax: 618-343-3046;",,"; Matthew Sommer; 
        ; msommer@309jatc.org;"
Danville NECA-IBEW Elec. JATC,"; 1290 North Michigan Avenue; 
        ; Danville, IL 61834; 
        ; Phone: 217-304-4335; 
        ; Fax: 217-442-8048;",,"; John Gallez; 
        ; jatc@ibew538.com;"
Midstate Electrical Training Center,"; 3390 N. Woodford Street; 
        ; Decatur, IL 62526; 
        ; Phone: 217-875-3041; 
        ; Fax: 217-875-7996;",,"; Jason Drake; 
        ; jason@metcmail.com;"
IBEW LU117 NECA JATC McHenry & N. Kane Counties,"; 765 Munshaw Lane; 
        ; Crystal Lake, IL 60014; 
        ; Phone: 847-854-7200; 
        ; Fax: 847-854-7266;",,"; Josh Sajtar; 
        ; jsajtar@ibew117jatc.com;"
DuPage County Elec. JATC,"; 28600 Bella Vista Parkway, Suite 1500; 
        ; Warrenville, IL 60555; 
        ; Phone: 630-393-1701; 
        ; Fax: 630-393-3473;",,"; T.J. Jarman; 
        ; tjarman@ibew701.org;"
Joliet Electrical Training Center,"; 1200 N.E Frontage Road; 
        ; Joliet, IL 60431; 
        ; Phone: 815-741-2758; 
        ; Fax: 815-741-9026;",,"; Joel Maxard; 
        ; jm@ibewlocal176.org;"
Peoria Elec. JATC,"; 4313 South Entec Drive; 
        ; Bartonville, IL 61607; 
        ; Phone: 309-673-6900; 
        ; Fax: 309-673-6322;",,"; Matthew R. Anderson; 
        ; info@peoriajatc.org;"
Northern Illinois Electrical,"; 619 Southrock Drive; 
        ; Rockford, IL 61102; 
        ; Phone: 815-969-8484; 
        ; Fax: 815-969-8400;",,"; David Cargill; 
        ; dcargill@jatc364.net;"
Quad City Electrical JATC,"; 1700 52nd Avenue, Suite C; 
        ; Moline, IL 61265; 
        ; Phone: 309-762-3270; 
        ; Fax: 309-762-3357;",,"; Terry Van Hook; 
        ; tvanhook@qcejatc.org;"
NECA/IBEW Local 193 JATC,"; 3150 Wide Track Drive; 
        ; Springfield, IL 62703; 
        ; Phone: 217-544-3479; 
        ; Fax: 217-528-5481;",,"; Scott M. Hill; 
        ; sparky193@comcast.net;"
Lake County JATC,"; 31290 N. US Highway 45, Unit A; 
        ; Libertyville, IL 60048; 
        ; Phone: 847-566-2200; 
        ; Fax: 847-566-2204;",,"; Bryan Sorensen; 
        ; bsorensen@lakecountyjatc.org;"
Southern Illinois Div. Ch. NECA-IBEW LU 702 JATC,"; 11846 Country Club Road; 
        ; West Frankfort, IL 62896; 
        ; Phone: 618-937-3311; 
        ; Fax: 618-932-3400;",,"; Charles Duane Brookhouse; 
        ; dbrookhouse@ibew702.org;"
Evansville Electrical JATC,"; 2330 Lynch Road; 
        ; Evansville, IN 47711; 
        ; Phone: 812-422-3343; 
        ; Fax: 812-422-3262; 
    ; Website: ; http://www.evvjatc.org;",http://www.evvjatc.org,"; Roger D. Clark; 
        ; rclark@evvjatc.org;"
Fort Wayne Electrical JATC,"; 138 Chambeau Road; 
        ; Ft. Wayne, IN 46805; 
        ; Phone: 260-483-6257; 
        ; Fax: 260-484-4421; 
    ; Website: ; https://www.ibew305training.com;",https://www.ibew305training.com,"; Ryan Wamsley; 
        ; rwamsley@fortwayneejatc.org;"
Lake County Electricians JATC,"; 7200 Mississippi, Suite 100; 
        ; Merrillville, IN 46410; 
        ; Phone: 219-845-3454; 
        ; Fax: 219-845-2455;",,"; Matthew Valant; 
        ; mvalant@697jatc.org;"
Indianapolis Electrical JATC,"; 1751 S. Lawndale Avenue; 
        ; Indianapolis, IN 46241; 
        ; Phone: 317-270-5282; 
        ; Fax: 317-270-5292; 
    ; Website: ; https://www.eti-indy.org/;",https://www.eti-indy.org/,"; Andre Grocox; 
        ; agrocox@eti-indy.org;"
Marion Kokomo JATC,"; P.O. Box 2706, 2739 N. 50 E.; 
        ; Kokomo, IN 46901; 
        ; Phone: 765-452-2270; 
        ; Fax: 765-452-2247;",,"; Brent N. Fye; 
        ; mkjatc@ibew873.com;"
Lafayette Electrical JATC,"; P.O. Box 5015; 
        ; Lafayette, IN 47903; 
        ; Phone: 765-449-4300; 
        ; Fax: 765-449-4311; 
    ; Website: ; http://www.lejatc.com;",http://www.lejatc.com,"; Ben Tiefel; 
        ; bentiefel@lejatc.com;"
Electrical JATC of Northern Indiana,"; 301 East 8th Street; 
        ; Michigan City, IN 46360; 
        ; Phone: 219-879-1090; 
        ; Fax: 219-879-0717;",,"; Scott Baker; 
        ; sbaker@jatc531.com;"
Muncie Electrical JATC,"; 4601 S. Meeker Avenue; 
        ; Muncie, IN 47302; 
        ; Phone: 765-287-9841; 
        ; Fax: 765-287-9841;",,"; David  Blackford; 
        ; dblackford@jatc855.com;"
South Bend Vicinity Electrical JATC,"; 56365 Peppermint Road; 
        ; South Bend, IN 46619; 
        ; Phone: 574-233-1721; 
        ; Fax: 574-233-1947;",,"; Joseph Gambill; 
        ; joegambill@jatc153.com;"
Terre Haute Electrical JATC,"; 950 Ohio Street; 
        ; Terre Haute, IN 47807; 
        ; Phone: 812-235-7541; 
        ; Fax: 812-234-3794;",,"; Ryan Hughes; 
        ; rhughes@thejatc.org;"
Hutchinson Electrical JATC,"; 200 W. 2nd; 
        ; Hutchinson, KS 67501; 
        ; Phone: 620-663-3431; 
        ; Fax: 620-663-2878; 
    ; Website: ; https://www.hutchinsonelectricaltrainingacademy.org;",https://www.hutchinsonelectricaltrainingacademy.org,"; Gina McConnell; 
        ; ginamcconnell@hutchjatc.org;"
Topeka Electrical JATC,"; 1620 NW Gage, Suite B; 
        ; Topeka, KS 66618; 
        ; Phone: 785-232-5154; 
        ; Fax: 785-232-0640; 
    ; Website: ; http://topekaelectricaljatc.com;",http://topekaelectricaljatc.com,"; Darin Mason; 
        ; topeka.jatc.director@outlook.com;"
Wichita Electrical JATC,"; 810 West 13th Street N; 
        ; Wichita, KS 67203; 
        ; Phone: 316-264-9231; 
        ; Fax: 316-264-9281; 
    ; Website: ; http://www.wejatc.org;",http://www.wejatc.org,"; T.D.  Naylor; 
        ; tnaylor@wejatc.org;"
Southwestern Line AJATC,"; 915 Bosque Farms Blvd; 
        ; Bosque Farms, NM 87068; 
        ; Phone: 505-222-5070; 
        ; Fax: 505-222-5071; 
    ; Website: ; http://www.swlcat.org;",http://www.swlcat.org,"; Justin Archibeque; 
        ; justin@swlcat.org;"
Louisville Electrical JATC,"; 4315 Preston Highway, Suite 100; 
        ; Louisville, KY 40213; 
        ; Phone: 502-581-9210; 
        ; Fax: 502-581-9237; 
    ; Website: ; http://www.loujatc.com;",http://www.loujatc.com,"; Robert Shelton; 
        ; rshelton@loujatc.com;"
Owensboro Elec. JATC Trust,"; 2911 West Parrish Avenue; 
        ; Owensboro, KY 42301; 
        ; Phone: 270-684-3058; 
        ; Fax: 270-684-4255;",,"; Jason Sharp; 
        ; jasonsharp1987@gmail.com;"
Paducah JATC,"; P.O. Box 3085; 
        ; Paducah, KY 42002; 
        ; Phone: 270-575-9646; 
        ; Fax: 270-575-9647; 
    ; Website: ; http://www.padjatc.org;",http://www.padjatc.org,"; Jarrod Shadowen; 
        ; jarrod.shadowen@padjatc.com;"
Alexandria Electrical JATC,"; 6703 Masonic Drive; 
        ; Alexandria, LA 71301; 
        ; Phone: 318-443-5811; 
        ; Fax: 318-443-5874;",,"; Landry Ducote; 
        ; jatc576@bellsouth.net;"
Baton Rouge Area Electrical JATC,"; 13456 Jefferson Highway; 
        ; Baton Rouge, LA 70817; 
        ; Phone: 225-752-4861; 
        ; Fax: 225-752-4838;",,"; Darryl McGaha; 
        ; mcgaha@brejatc.org;"
Bogalusa Electrical JATC,"; 501 Commerce Point; 
        ; New Orleans, LA 70123; 
        ; Phone: 504-733-9370; 
        ; Fax: 504-416-7233;",,"; Shawn Martinez; 
        ; smartinez@solaneca.org;"
Lake Charles Elec. JATC,"; P.O. Box 18072; 
        ; Lake Charles, LA 70616; 
        ; Phone: 337-433-7277; 
        ; Fax: 337-433-0875;",,"; Steve Gaspard; 
        ; lcjatc@hotmail.com;"
Monroe Electrical JATC,"; 901 Hudson Lane; 
        ; Monroe, LA 71201; 
        ; Phone: 318-387-4411; 
        ; Fax: 318-387-4412;",,"; Matt Green; 
        ; monroe.eta446@gmail.com;"
New Orleans Electrical JATC,"; 3200 Ridgelake Drive #301; 
        ; Metairie, LA 70002; 
        ; Phone: 504-835-9899; 
        ; Fax: 504-835-7873; 
    ; Website: ; http://www.ibewlu130.com  ;",http://www.ibewlu130.com,"; David Crumb; 
        ; drc@noejatc.org;"
Shreveport Area Electrical JATC,"; 1013 B Gould Drive; 
        ; Bossier City, LA 71111; 
        ; Phone: 318-746-6180; 
        ; Fax: 318-746-6183;",,"; James Brent Moreland; 
        ; brent@ibew194.com;"
IBEW LU 115 Apprenticeship,"; 40 Binnington Court; 
        ; Kingston, ON K7M 8S3; 
        ; Phone: 613-547-4115; 
        ; Fax: 613-547-1678;",,"; Bill Dodge; 
        ; beate@ibew115.com;"
Boston Elec. JATC,"; 194 Freeport Street; 
        ; Dorchester, MA 02122; 
        ; Phone: 617-436-0980; 
        ; Fax: 617-436-1081; 
    ; Website: ; http://www.bostonjatc.org;",http://www.bostonjatc.org,"; Jerome DeMello; 
        ; jerome.demello@bostonjatc.org;"
Brockton Electricians JATC,"; 475 Myles Standish Blvd; 
        ; Taunton, MA 02780; 
        ; Phone: 508-880-2693; 
        ; Fax: 508-880-2694;",,"; Robert Revil; 
        ; brevil@ibew223.org;"
Springfield JATC,"; 95 Liberty Street, Suite 1; 
        ; Springfield, MA 01103; 
        ; Phone: 413-737-2253; 
        ; Fax: 413-788-5824;",,"; Paul Gour; 
        ; td@local7jatc.org;"
Worcester Electricians JATC,"; 242 Mill Street; 
        ; Worcester, MA 01602; 
        ; Phone: 508-753-8635; 
        ; Fax: 508-754-8944;",,"; Christopher M. Beauchesne; 
        ; chris@ibewlocal96.org;"
Baltimore Electrical JATC,"; 2699 West Patapsco Avenue; 
        ; Baltimore, MD 21230; 
        ; Phone: 410-247-3313; 
        ; Fax: 410-247-3638;",,"; Neil Wilford; 
        ; nwilford@jatc24.org;"
Western Maryland JATC,"; 307 E Offutt Street, P.O. Box 122; 
        ; Cumberland, MD 21502; 
        ; Phone: 301-724-5282; 
        ; Fax: 301-777-0627;",,"; Edward Crowe; 
        ; wmjatc@atlanticbbn.net;"
UTILITIES,"; United States; 
        ; All, XX 00000; 
        ; Phone: 999-999-9999; 
        ; Fax: 999-999-9999;",,"; null null; 
        ; no-replay@electricaltrainingalliance.org;"
electrical training ALLIANCE,"; 5001 Howerton Way Suite N; 
        ; Bowie, MD 20715; 
        ; Phone: 301-715-2300; 
        ; Fax: 301-715-2301;",,"; null null; 
        ; support@electricaltrainingalliance.org;"
Augusta Electrical JATC,"; 176 Main Street; 
        ; Fairfield, ME 04937; 
        ; Phone: 207-453-0135; 
        ; Fax: 207-453-1303;",,"; George Howe; 
        ; george@ibew1253.org;"
Portland JATC,"; 238 Goddard Road, P.O. Box 1289; 
        ; Lewiston, ME 04240; 
        ; Phone: 207-786-9770; 
        ; Fax: 207-786-9773;",,"; Justin Whalsh; 
        ; jwalsh@ibew567.com;"
Ann Arbor Electrical JATC,"; 13400 Luick Drive; 
        ; Chelsea, MI 48118; 
        ; Phone: 734-475-1180; 
        ; Fax: 734-475-1209; 
    ; Website: ; http://www.aaejatc.org ;",http://www.aaejatc.org,"; John Salyer; 
        ; jsalyer@aaejatc.org;"
Battle Creek Electrical JATC,"; 405 Hill Brady Road; 
        ; Battle Creek, MI 49037; 
        ; Phone: 269-300-8002; 
        ; Fax: 269-660-0711;",,"; Dave Wilson; 
        ; trainingdirector@bcejatc.com;"
Bay City JATC,"; 1206 W. Thomas; 
        ; Bay City, MI 48706; 
        ; Phone: 989-686-4890; 
        ; Fax: 989-686-5416;",,"; Casey Stoike; 
        ; cstoike@ibew692.org;"
Detroit JATC,"; 2277 E. 11 Mile Road Suite 1; 
        ; Warren, MI 48092; 
        ; Phone: 586-751-6600; 
        ; Fax: 586-751-6699;",,"; Joseph Scott; 
        ; joe.scott@detroiteitc.org;"
Escanaba JATC,"; 304 Avenue A; 
        ; Gwinn, MI 49841; 
        ; Phone: 906-786-1773; 
        ; Fax: 906-786-0277;",,"; Jeff Demarse; 
        ; debbie09161961@yahoo.com;"
Flint Electrical JATC,"; 5209 Exchange Drive; 
        ; Flint, MI 48507; 
        ; Phone: 810-720-0583; 
        ; Fax: 810-720-0584; 
    ; Website: ; info@fsejatc.com;",info@fsejatc.com,"; Lee Lattimore; 
        ; info@fsejatc.com;"
IBEW Local 219/Iron Mountain Elec. JATC,"; 304 Avenue A; 
        ; Gwinn, MI 49841; 
        ; Phone: 906-779-1505; 
        ; Fax: 906-779-9966;",,"; Sue  Nanninga; 
        ; ibew219@att.net;"
Kalamazoo Electrical JATC,"; 4371 W. U Ave; 
        ; Schoolcraft, MI 49087; 
        ; Phone: 269-388-4434; 
        ; Fax: 269-388-9044;",,"; Tony Gaudio; 
        ; director@kalamazoojatc.com;"
Lansing Electrical JATC,"; 411 N. Grand Ave; 
        ; Lansing, MI 48893; 
        ; Phone: 517-483-9688; 
        ; Fax: 517-483-9696;",,"; Dale Goerge; 
        ; dale@lejatc.org;"
Marquette JATC,"; 304 Avenue A; 
        ; Gwinn, MI 49841; 
        ; Phone: 906-226-7497; 
        ; Fax: 906-225-0821;",,"; Randy Ruppel; 
        ; ibewlu1070@gmail.com;"
West Michigan Electrical JATC,"; 140 N. 64th Avenue; 
        ; Coopersville, MI 49404; 
        ; Phone: 616-837-7149; 
        ; Fax: 616-837-9258; 
    ; Website: ; https://www.wmejatc.org/;",https://www.wmejatc.org/,"; David  Kitchen; 
        ; wmjatc@gmail.com;"
Saginaw Electrical JATC,"; 7303 Gratiot Road; 
        ; Saginaw, MI 48609; 
        ; Phone: 989-781-1079; 
        ; Fax: 989-781-1311;",,"; Richard Mason; 
        ; fsjatc.rick@sbcglobal.net;"
Traverse City Electrical JATC,"; 3912 Blair Townhall Road West; 
        ; Traverse City, MI 49684; 
        ; Phone: 231-943-4193; 
        ; Fax: 231-943-4193;",,"; Tim Babcock; 
        ; tcjatc@local498.net;"
Duluth JATC,"; 2230 London Road Suite 200; 
        ; Duluth, MN 55812; 
        ; Phone: 218-722-8115; 
        ; Fax: 218-722-6816;",,"; Derrick L. Atkins; 
        ; director@twinportsneca.com;"
Iron Range Electrical JATC,"; 2230 London Road 2230 London Road Suite 200; 
        ; Duluth, MN 55802; 
        ; Phone: 218-722-8115; 
        ; Fax: 218-722-6816;",,"; Derrick L. Atkins; 
        ; director@twinportsneca.com;"
South Central Minnesota JATC,"; 9 -80th St SE; 
        ; Rochester, MN 55904; 
        ; Phone: 507-529-7721; 
        ; Fax: 507-529-7721; 
    ; Website: ; http://www.scmnjatc.org ;",http://www.scmnjatc.org,"; Michael Bambrick Jr.; 
        ; mbambrick@scmnjatc.org;"
Minneapolis Electrical JATC,"; 13100 Frankfort Parkway; 
        ; St. Michael, MN 55376; 
        ; Phone: 763-497-0072; 
        ; Fax: 763-497-0076; 
    ; Website: ; http://www.mplsjatc.org ;",http://www.mplsjatc.org,"; Trevor Turek; 
        ; tturek@mplsjatc.org;"
Minnesota State Wide Limited Energy JATC,"; 452 Northco Drive; 
        ; Fridley, MN 55432; 
        ; Phone: 763-571-5922; 
        ; Fax: 763-571-5928;",,"; David Dressler; 
        ; ddressler@statewidelea.org;"
St. Paul Electrical JATC,"; 1330 Conway Street, Suite 150; 
        ; St. Paul, MN 55106; 
        ; Phone: 651-390-5282; 
        ; Fax: null; 
    ; Website: ; www.jatc110.org;",www.jatc110.org,"; Timothy J. Garcia; 
        ; jatcstaff@jatc110.org;"
Local 350 JATC,"; P.O. Box 2223; 
        ; St. Louis, MO 63109; 
        ; Phone: 314-644-3030; 
        ; Fax: 314-644-5507;",,"; Jill Clark; 
        ; jill@stlneca.org;"
Jefferson City Elec. JATC,"; 209 Flora Drive; 
        ; Jefferson City, MO 65101; 
        ; Phone: 573-635-2145; 
        ; Fax: 573-635-0496;",,"; Mike Sweeten; 
        ; jatc257@embarqmail.com;"
Joplin JATC,"; 3302 S. Main ; 
        ; Joplin, MO 64804; 
        ; Phone: 417-624-2499; 
        ; Fax: 417-624-3783;",,"; Scott  Simonds; 
        ; scottlocal95@gmail.com;"
Kansas City JATC,"; 303 E. 103rd Terrace; 
        ; Kansas City, MO 64114; 
        ; Phone: 816-942-3242; 
        ; Fax: 816-942-0854;",,"; Shon D. Lee; 
        ; slee@kcjatc124.org;"
Springfield MO & Vicinity Elec. JATC,"; 2902 E Division; 
        ; Springfield, MO 65803; 
        ; Phone: 417-869-7251; 
        ; Fax: 417-869-1814;",,"; Bryan Hensley; 
        ; 453jatc@gmail.com;"
St. Joseph Electrical JATC,"; 742 S. 6th Street; 
        ; St. Joseph, MO 64501; 
        ; Phone: 816-232-8090; 
        ; Fax: 816-232-8292;",,"; Travis VanSchoiack; 
        ; 545jatc@sbcglobal.net;"
St. Louis Electricians JATC,"; 2300 Hampton Avenue, Suite A; 
        ; St. Louis, MO 63139; 
        ; Phone: 314-644-3587; 
        ; Fax: 314-644-3589;",,"; Shawn Levin; 
        ; shawnl@stlejatcjatc.org;"
Corinth-Tupelo Miss. JATC,"; P.O. Box 1027, 105 N. Madison Street; 
        ; Corinth, MS 38835; 
        ; Phone: 662-286-2897; 
        ; Fax: 662-287-5959;",,"; Tony L. Johnson; 
        ; ibewlocal852@bellsouth.net;"
Local Union 903 IBEW/JATC,"; 2417 32nd Street, P.O. Drawer L; 
        ; Gulfport, MS 39502; 
        ; Phone: 228-863-9881; 
        ; Fax: 228-863-9900;",,"; Neil T. Cumberland; 
        ; neil@lu903.com;"
Jackson JATC,"; P.O. Box 721077; 
        ; Byram, MS 39272; 
        ; Phone: 601-372-4650; 
        ; Fax: 601-373-9410;",,"; Clinton Jim Stephens; 
        ; jatc-jackson@msn.com;"
Meridian Area Electricians JATC,"; P.O. Box 964; 
        ; Meridian, MS 39302; 
        ; Phone: 601-483-0486; 
        ; Fax: 601-485-4225;",,"; Jim Miles; 
        ; jim@ibew917.com;"
MT Electrical JATC,"; 2616 BozemanAve; 
        ; Helena, MT 59601; 
        ; Phone: 406-449-7173; 
        ; Fax: 406-449-7149; 
    ; Website: ; http://www.mtelectricaljatc.org;",http://www.mtelectricaljatc.org,"; Chris McGowan; 
        ; cmcgowan@mt.net;"
"LU 233, IBEW","; P.O. Box 4177, 2616 Bozeman Avenue; 
        ; Helena, MT 59604; 
        ; Phone: 406-449-7173; 
        ; Fax: 406-449-7149;",,"; Mark  Maki; 
        ; jatcdirector@mt.net;"
LU 768 IBEW,"; P.O. Box 4177, 2616 Bozeman Avenue; 
        ; Helena, MT 59604; 
        ; Phone: 406-449-7173; 
        ; Fax: 406-449-7149;",,"; Mark  Maki; 
        ; jatcdirector@mt.net;"
LU 238 IBEW-NC2000,"; 46 New Leicester Hwy; 
        ; Asheville, NC 28806; 
        ; Phone: 828-505-0216; 
        ; Fax: 828-505-2326;",,"; Willie J. Moore III; 
        ; local238jatc@gmail.com;"
Charlotte Electrical JATC,"; 13530 South Ridge Dr; 
        ; Charlotte, NC 28273; 
        ; Phone: 704-523-7001; 
        ; Fax: null;",,"; Denise Schnell; 
        ; denise@carolinaseti.com;"
Raleigh Durham Electrical JATC,"; 201 West Main  #201; 
        ; Durham, NC 27701; 
        ; Phone: 919-596-6931; 
        ; Fax: 919-596-8701;",,"; Carey Rongitsch; 
        ; crongitsch@raldurjatc.org;"
Carolinas Electrical JATC,"; 2725 Old Wrightsboro Road Unit 3C; 
        ; Wilmington, NC 28405; 
        ; Phone: 910-660-8630; 
        ; Fax: 910-660-8768;",,"; Brandy Warwick; 
        ; brandy@awjatc.org;"
Carolinas Electrical JATC-342,"; 7874 Thorndike Road; 
        ; Greensboro, NC 27409; 
        ; Phone: 336-285-9439; 
        ; Fax: 336-285-7783;",,"; Brandy Warwick; 
        ; brandy@awjatc.org;"
Dakotas & Western MN Areawide JATC,"; 2901 1st Avenue North; 
        ; Fargo, ND 58102; 
        ; Phone: 701-297-5934; 
        ; Fax: 701-293-1301;",,"; Adam Kidwell; 
        ; adamk@dakotasjatc.org;"
Dakotas Electrical JATC,"; 2901 1st Avenue North; 
        ; Fargo, ND 58102; 
        ; Phone: 701-297-5934; 
        ; Fax: 701-293-1301;",,"; Adam Kidwell; 
        ; adamk@dakotasjatc.org;"
Greater Nebraska Electrical JATC,"; 2304 13th St; 
        ; Columbus, NE 68601; 
        ; Phone: 402-562-5546; 
        ; Fax: 402-562-5546;",,"; Sean Martys; 
        ; gnjatc@neneca.com;"
Lincoln Electrical JATC,"; 1415 Old Farm Road; 
        ; Lincoln, NE 68512; 
        ; Phone: 402-423-4519; 
        ; Fax: 402-423-4506;",,"; Roy  Lamb; 
        ; roy.lamb@ibew265.org;"
Omaha Electrical Joint Apprenticeship,"; 8960 L Street, Suite 200; 
        ; Omaha, NE 68127; 
        ; Phone: 402-331-3103; 
        ; Fax: 402-331-2007;",,"; Kevin Wetuski; 
        ; kevinw@electriciansjatc.org;"
IBEW LU 490 JATC,"; 48 Airport Road; 
        ; Concord, NH 03301; 
        ; Phone: 603-224-4239; 
        ; Fax: 603-224-0247;",,"; Jonathan Webb; 
        ; training.director@ibew490.org;"
Asbury Park Area Elec. JATC,"; P.O. Box 1256, 3301 Highway 138; 
        ; Wall, NJ 07719; 
        ; Phone: 732-280-7703; 
        ; Fax: 732-280-7704;",,"; Todd J. Larsen; 
        ; trainingdirector@local400jatc.com;"
IBEW Local 351 JATC,"; 1125 Black Horse Pike; 
        ; Folsom, NJ 08037; 
        ; Phone: 609-561-8515; 
        ; Fax: 609-561-8345;",,"; Louis Jiacopello; 
        ; ljiacopello@351jatc.org;"
Jersey City Electrical JATC,"; 65 West Century; 
        ; Paramus, NJ 07652; 
        ; Phone: 201-265-7273; 
        ; Fax: 201-265-7393;",,"; Warren M. Becker; 
        ; warrenb@jatc164.org;"
IBEW LU 456 JATC,"; 1295 Livingston Avenue; 
        ; North Brunswick, NJ 08902; 
        ; Phone: 732-246-2122; 
        ; Fax: 732-246-8076;",,"; Michael  McLaughlin; 
        ; mgm456@oponline.net;"
Paterson Elec. JATC,"; 50 Parsippany Road; 
        ; Parsippany, NJ 07054; 
        ; Phone: 973-428-2848; 
        ; Fax: 973-428-2939;",,"; Paul Fiore; 
        ; paul@ibew102.org;"
IBEW Local Union 269 JATC,"; 676 Whitehead Road; 
        ; Trenton, NJ 08648; 
        ; Phone: 609-394-1337; 
        ; Fax: 609-394-6990;",,"; Jayson Maksymovich; 
        ; jaysonm@ibew269.com;"
NM JATC for the Electrical Industry,"; 4501 Montbel Loop NE; 
        ; Albuquerque, NM 87107; 
        ; Phone: 505-341-4444; 
        ; Fax: 505-341-0067;",,"; Bobby Getts; 
        ; director@nmjatc.org;"
Electrical JATC for Southern Nevada,"; 620 Leigon Way; 
        ; Las Vegas, NV 89110; 
        ; Phone: 702-459-7949; 
        ; Fax: 702-459-8804; 
    ; Website: ; http://www.earnwhileyoulearn.org;",http://www.earnwhileyoulearn.org,"; Doug Ziegenhagen; 
        ; dougz@earnwhileyoulearn.org;"
Northern Nevada Electrical JATC,"; 4635 Longley Lane, Suite 108; 
        ; Reno, NV 89502; 
        ; Phone: 775-358-4301; 
        ; Fax: 775-358-4299; 
    ; Website: ; https://www.northernnevadaelectricians.com;",https://www.northernnevadaelectricians.com,"; Alan  Darney; 
        ; adarney@401jatc.org;"
Local 325 JATC,"; 142 Corporate Drive; 
        ; Binghamton, NY 13904; 
        ; Phone: 607-729-6171; 
        ; Fax: 607-799-4101;",,"; Amy Snell; 
        ; training@ibew325.net;"
Local Union 41 IBEW,"; S-3546 California Road; 
        ; Orchard Park, NY 14127; 
        ; Phone: 716-662-6111; 
        ; Fax: 716-662-0922; 
    ; Website: ; http://www.ibewlocal41.com;",http://www.ibewlocal41.com,"; Matt Hilmey; 
        ; mhilmey@ibewlocal41.com;"
IBEW Local 139 JATC,"; 508 College Avenue; 
        ; Elmira, NY 14901; 
        ; Phone: 607-732-1237; 
        ; Fax: 607-737-0236; 
    ; Website: ; https://ibew139.com;",https://ibew139.com,"; Jon Mazzaraco; 
        ; trainingdirector@ibewlocal139.org;"
Local 840 JATC,"; P.O. Box 851; 
        ; Geneva, NY 14456; 
        ; Phone: 315-789-3350; 
        ; Fax: 315-789-1309;",,"; Nathan Stockton; 
        ; natestockton840@gmail.com;"
Ithaca NY JATC,"; 134 Cecil A. Malone Drive; 
        ; Ithaca, NY 14850; 
        ; Phone: 607-273-1069; 
        ; Fax: 607-277-5623;",,"; Timothy John Schultz; 
        ; trainingdirector@ithacajatc.com;"
IBEW Local 106 JATC,"; 322 James Avenue; 
        ; Jamestown, NY 14701; 
        ; Phone: 716-484-9449; 
        ; Fax: 716-484-9339;",,"; Kent Joesel; 
        ; business.manager@ibew106.org;"
Nassau & Suffolk Counties JATC,"; 370 Motor Parkway; 
        ; Hauppauge, NY 11788; 
        ; Phone: 631-434-3939; 
        ; Fax: 631-434-3991;",,"; Christopher E.  Kelly; 
        ; ckelly@lijatc.org;"
IBEW LU 363 and Hudson Valley NECA JATC,"; 67 Commerce Drive South; 
        ; Harriman, NY 10926; 
        ; Phone: 845-783-3600; 
        ; Fax: 845-783-3655;",,"; William A. Edwards; 
        ; wedwards@ibewlu363.org;"
JAC Joint Industry Board of Electric Industries,"; 158-11 Harry Van Arsdale Jr. Drive; 
        ; Flushing, NY 11365; 
        ; Phone: 718-591-2000; 
        ; Fax: 718-380-5473;",,"; George K.  Schuck; 
        ; georges@jibei.com;"
Local 3 Lighting and Maintenance Association,"; 158-11 Harry Van Arsdale, Room 402; 
        ; Flushing, NY 11365; 
        ; Phone:  ; 
        ; Fax:  ;",,"; Pedro Martinez; 
        ; pmartinezlcl3@gmail.com;"
Niagara County JATC,"; 6700 Schultz St; 
        ; Niagara Falls, NY 14304; 
        ; Phone: 716-297-3650; 
        ; Fax: 716-297-8471;",,"; null null; 
        ; null;"
Rochester Joint Apprentice & Training Co.,"; 470 W. Metro Park, Suite B; 
        ; Rochester, NY 14623; 
        ; Phone: 585-235-5050; 
        ; Fax: 585-235-2989;",,"; Clayton Beeman; 
        ; cbeeman@rochesterjatc.org;"
Central New York Electrical Training Alliance,"; 4566 Waterhouse Road; 
        ; Clay, NY 13041; 
        ; Phone: 315-546-0221; 
        ; Fax: 315-546-0231;",,"; Raymond Tucker; 
        ; rtucker@cnyeta.org;"
Tri-City JATC LU 236,"; 428 Old Niskayuna Road; 
        ; Latham, NY 12110; 
        ; Phone: 518-785-5167; 
        ; Fax: 518-786-3588;",,"; William Bulger; 
        ; billb@tricityjatc.org;"
EJATC of Watertown,"; 25001 Water Street; 
        ; Watertown, NY 13601; 
        ; Phone: 315-782-5630; 
        ; Fax: 315-788-5701; 
    ; Website: ; http://www.ibew910.org/ejatc;",http://www.ibew910.org/ejatc,"; Alan Smith; 
        ; asmith@ibew910.org;"
Westchester Fairfield JEATC,"; 200 Bloomingdale Road; 
        ; White Plains, NY 10605; 
        ; Phone: 914-946-0472; 
        ; Fax: 914-683-1892;",,"; Dan Mecca; 
        ; dmecca@jibei.com;"
Akron Area Electrical JATC,"; 2650 S. Main Street #100; 
        ; Akron, OH 44319; 
        ; Phone: 330-644-4286; 
        ; Fax: 330-644-5625;",,"; Matthew J. Capozzi; 
        ; mattc@akronejatc.org;"
Canton Electrical JATC,"; 3855 Wales Avenue, NW; 
        ; Massillon, OH 44646; 
        ; Phone: 330-830-6446; 
        ; Fax: 330-830-6453; 
    ; Website: ; http://www.cantonjatc.org;",http://www.cantonjatc.org,"; Damus Cole; 
        ; dcole@cantonjatc.org;"
Cincinnati Ohio Area,"; 5455 Glenway Ave; 
        ; Cincinnati, OH 45238; 
        ; Phone: 513-281-6924; 
        ; Fax: 513-281-6934;",,"; Charlie Kenser; 
        ; ckenser@electricaltc.org;"
Cleveland Electrical JATC,"; 9050 Sweet Valley Drive; 
        ; Valley View, OH 44125; 
        ; Phone: 216-573-0400; 
        ; Fax: 216-573-0403; 
    ; Website: ; http://www.cejatc.org;",http://www.cejatc.org,"; Angelo Angersola; 
        ; angelo@cejatc.org;"
The Electrical Trades Center,"; 947 Goodale Blvd.; 
        ; Columbus, OH 43212; 
        ; Phone: 614-463-5282; 
        ; Fax: 614-463-5252;",,"; Trenten Parker; 
        ; trent@etcjatc.org;"
Dayton Ohio Area Electrical JATC,"; 6550 Poe Avenue; 
        ; Dayton, OH 45414; 
        ; Phone: 937-264-2052; 
        ; Fax: 937-264-2053; 
    ; Website: ; http://www.82JATC.com;",http://www.82JATC.com,"; Anthony Henderson; 
        ; anthony@dejatc.org;"
Butler Warren County Electrical JATC,"; 4300 Millikin Road; 
        ; Hamilton, OH 45011; 
        ; Phone: 513-863-6115; 
        ; Fax: 513-863-0780;",,"; Randy Truster; 
        ; randy@hamiltonohiojatc.org;"
Lima Area Electrical JATC,"; 2285 N. Cole Street; 
        ; Lima, OH 45801; 
        ; Phone: 419-229-2775; 
        ; Fax: 567-371-3478;",,"; Marc Pescosolido; 
        ; marc@limajatc.com;"
Lorain County Electrical JATC,"; 2235 West Park Drive Suite A; 
        ; Lorain, OH 44053; 
        ; Phone: 440-233-7156 ext. 624; 
        ; Fax: 440-233-4221;",,"; Andy Kasubienski; 
        ; jatc@ibew129.org;"
Mansfield Area JATC for Electricians,"; 67 S. Walnut Street; 
        ; Mansfield, OH 44902; 
        ; Phone: 419-526-4688; 
        ; Fax: 419-522-0705;",,"; Tory Gorka; 
        ; jatc2@ibew688.org;"
Marietta Electrical JATC,"; 27754 St Rt 7; 
        ; Marietta, OH 45750; 
        ; Phone: 740-373-5054; 
        ; Fax: 740-373-7501;",,"; Jarid Bates; 
        ; tdmejatc@ibew972.org;"
Newark Joint Apprenticeship Training Committee,"; 450 South 22nd Street; 
        ; Heath, OH 43056; 
        ; Phone: 740-452-5348; 
        ; Fax: 740-452-2062;",,"; Rebecca Jonard; 
        ; r.jonard@newarkohiojatc.org;"
Mentor Electrical JATC,"; 8376 Munson Road; 
        ; Mentor, OH 44060; 
        ; Phone: 440-255-3028; 
        ; Fax: 440-255-3038;",,"; Paul Rehbergar; 
        ; jatc@ibew673.org;"
Electrical Training Academy,"; 24 Gingersnap Road; 
        ; Portsmouth, OH 45662; 
        ; Phone: 740-529-1487; 
        ; Fax: 740-529-1487; 
    ; Website: ; http://www.electricaltrainingacademy.org;",http://www.electricaltrainingacademy.org,"; Matt Louanglath; 
        ; ml@electricaltrainingacademy.org;"
Steubenville JATC,"; 626 North 4th Street; 
        ; Steubenville, OH 43952; 
        ; Phone: 740-282-7572; 
        ; Fax: 740-282-4425; 
    ; Website: ; http://www.sejatc.org;",http://www.sejatc.org,"; Richard Cesta; 
        ; rcesta@sejatc.org;"
Toledo Electrical JATC,"; 803 Lime City Road; 
        ; Rossford, OH 43460; 
        ; Phone: 419-666-8088; 
        ; Fax: 419-666-0336;",,"; Glenn Rettig; 
        ; grettig@tejatc.org;"
Warren JATC,"; 4550 Research Parkway; 
        ; Warren, OH 44483; 
        ; Phone: 330-394-3690; 
        ; Fax: 330-399-3225;",,"; Eric S.  Davis; 
        ; ericd@warrenjatc.org;"
Youngstown Elec. JATC,"; 350 E. Western Reserve Road; 
        ; Youngstown, OH 44514; 
        ; Phone: 330-965-0578; 
        ; Fax: 330-965-0582; 
    ; Website: ; http://www.yjatc.org;",http://www.yjatc.org,"; Ahren Peplow; 
        ; a.peplow@yjatc.org;"
American Line Builders,"; P.O. Box 370; 
        ; Medway, OH 45341; 
        ; Phone: 937-849-4177; 
        ; Fax: 937-849-0592; 
    ; Website: ; https://albat.org;",https://albat.org,"; Ben Hobbs; 
        ; bhobbs@albat.org;"
Western Oklahoma Electrical JATC,"; 1700 SE 15th St; 
        ; Oklahoma City, OK 73129; 
        ; Phone: 405-672-7600; 
        ; Fax: 405-672-7631; 
    ; Website: ; https://etawok.org ;",https://etawok.org,"; Clifford W. Stewart; 
        ; cstewart@etawok.org;"
Ponca City Electrical JATC Trust,"; 615 West Grand Ave; 
        ; Ponca City, OK 74601; 
        ; Phone: 580-762-4441; 
        ; Fax: 405-848-8623;",,"; Mike Leonard; 
        ; ibew444@sbcglobal.net;"
Tulsa Electricians JATC,"; 1120 N. Iroquois Ave; 
        ; Tulsa, OK 74106; 
        ; Phone: 918-592-2929; 
        ; Fax: 918-592-2930; 
    ; Website: ; http://www.tulsajatc.org;",http://www.tulsajatc.org,"; Ted Jenkins; 
        ; ted.j@tulsajatc.org;"
Pacific Inside Electrical JATC,"; 3427 Ash Street; 
        ; North Bend, OR 97459; 
        ; Phone: 541-756-6997; 
        ; Fax: 541-756-5612; 
    ; Website: ; http://www.pacificjatc.com;",http://www.pacificjatc.com,"; Niq Brening; 
        ; pacificjatc@frontier.com;"
Crater Lake Electrical JATC,"; 4864 Airway Drive; 
        ; Central Point, OR 97502; 
        ; Phone: 541-773-5888; 
        ; Fax: 541-773-5811;",,"; Matt Holte; 
        ; matt@clejatc.org;"
NECA IBEW Electrical JATC,"; 16021 NE Airport Way; 
        ; Portland, OR 97230; 
        ; Phone: 503-262-9991; 
        ; Fax: 503-262-9920;",,"; Marshall McGrady; 
        ; mmcgrady@nietc.org;"
Central Electrical JATC,"; 33309 Highway 99E; 
        ; Tangent, OR 97389; 
        ; Phone: 541-917-6199; 
        ; Fax: 541-917-6190;",,"; Mike Ellison; 
        ; mellison@cjatc.org;"
NW Line JATC,"; 1705 SE 17th Street; 
        ; Battle Ground, WA 98604; 
        ; Phone: 360-816-7100; 
        ; Fax: 360-816-7101; 
    ; Website: ; https://nwlinejatc.com;",https://nwlinejatc.com,"; Terry Lowen; 
        ; nwline@nwlinejatc.com;"
"IBEW Local Union 375, JATC","; 101 S. 7th Street; 
        ; Allentown, PA 18101; 
        ; Phone: 610-432-9762; 
        ; Fax: 610-432-8467;",,"; Robert Franklin III; 
        ; rfranklin@ibew375.org;"
Western Central PA Electricians JATC,"; 217 Sassafas Lane; 
        ; Beaver, PA 15009; 
        ; Phone: 724-775-6920; 
        ; Fax: 724-775-5695; 
    ; Website: ; http://www.wcpaejatc.org;",http://www.wcpaejatc.org,"; Gregory A.  Hojdila; 
        ; jatc@ibew712.org;"
Chester JATC,"; 3729 Chichester Avenue; 
        ; Boothwyn, PA 19061; 
        ; Phone: 610-494-2820; 
        ; Fax: 610-494-3913;",,"; Michael Garvey; 
        ; kpratt@ibew654.com;"
IBEW Local 56 EETF,"; 185 Pennbriar Drive; 
        ; Erie, PA 16509; 
        ; Phone: 814-825-5505; 
        ; Fax: 814-825-5210;",,"; James C. Nuber Jr.; 
        ; jnuber@ibew56.org;"
Harrisburg Electricians,"; 1501 Revere Street; 
        ; Harrisburg, PA 17104; 
        ; Phone: 717-232-7093; 
        ; Fax: 717-232-7113;",,"; Brian Weibley; 
        ; 143jatc@gmail.com;"
ATEI 98 Zone 2,"; 4020 Cross Keys Road; 
        ; Collegeville, PA 19426; 
        ; Phone: 610-489-6399; 
        ; Fax: 610-489-3613;",,"; Louis Acampora Jr.; 
        ; lacompora@ibew98.org;"
Apprentice Training for the Electrical Industry,"; 1101 Kitty Hawk Ave; 
        ; Philadelphia, PA 19112; 
        ; Phone: 215-567-6405; 
        ; Fax: 215-339-8297;",,"; Brian Myers; 
        ; bmyers@ibew98.org;"
Pittsburgh JATC,"; 5 Hot Metal Street, Suite 100; 
        ; Pittsburgh, PA 15203; 
        ; Phone: 412-432-1145; 
        ; Fax: 412-431-4614; 
    ; Website: ; http://www.ibewlocal5jatc.org;",http://www.ibewlocal5jatc.org,"; Tim Wisyanski; 
        ; tvwisyanski@local5jatc.org;"
LU #743 IBEW & NECA Penn-Del-Jersey Chapter,"; 20 Morgan Drive; 
        ; Reading, PA 19608; 
        ; Phone: 610-777-8388; 
        ; Fax: 610-777-7059;",,"; Ed Bernitsky; 
        ; edjatc@yahoo.com;"
LU 607 IBEW Shamokin JATC,"; 25 South 5th Street; 
        ; Shamokin, PA 17872; 
        ; Phone: 570-648-9831; 
        ; Fax: 570-648-0176;",,"; Dean Garancheski; 
        ; eta607@hotmail.com;"
Scranton Electricians JATC,"; 4 East Skyline Drive; 
        ; South Abington Township, PA 18411; 
        ; Phone: 570-319-1721; 
        ; Fax: 570-319-6417;",,"; Brad Hummel; 
        ; bdhummel@sejatc81.com;"
Wilkes-Barre Elec. JATC,"; 41 W. Church Street; 
        ; Nanticoke, PA 18634; 
        ; Phone: 570-258-2665; 
        ; Fax: 570-258-2758;",,"; John T.  Nadolny; 
        ; jnad@wbjatc.org;"
Williamsport JATC,"; 500 Jordan Avenue; 
        ; Montoursville, PA 17754; 
        ; Phone: 570-368-8984; 
        ; Fax: 570-368-3461;",,"; Jim H.  Beamer; 
        ; jbeamer@ibew812.com;"
York Elec. JATC,"; 555 Willow Springs Lane; 
        ; York, PA 17403; 
        ; Phone: 717-843-8368; 
        ; Fax: 717-843-2991; 
    ; Website: ; http://www.yei.edu;",http://www.yei.edu,"; Phil Lamison; 
        ; plamison@yei.edu;"
NorthEastern AJATC,"; 1513 Ben Franklin Highway; 
        ; Douglassville, PA 19518; 
        ; Phone: 610-326-2860; 
        ; Fax: 610-326-2924; 
    ; Website: ; http://www.neat1968.org;",http://www.neat1968.org,"; Jason Lauze; 
        ; neat3455@aol.com;"
IBEW L.U. 950 JATC,"; HC-03, Box 6786; 
        ; Dorado, PR 00646; 
        ; Phone: 787-587-6080; 
        ; Fax: null;",,"; Juan Pagan; 
        ; ibewlu950@ibewpr.org;"
IBEW Local 99 JATC,"; 40 Western Industrial Drive; 
        ; Cranston, RI 02921; 
        ; Phone: 401-946-9908; 
        ; Fax: 401-946-5995;",,"; Michael Petit; 
        ; mpetit@ibew99.org;"
Charleston Area Elec. JATC,"; 7281 Cross Park Drive Building 200; 
        ; North Charleston, SC 29418; 
        ; Phone: 843-990-9984; 
        ; Fax: 843-990-9984; 
    ; Website: ; http://www.ceta776.org;",http://www.ceta776.org,"; Stephen Lipster; 
        ; director@ceta776.org;"
Dakotas Electrial JATC,"; 922-1/2 East St. Patrick Street; 
        ; Rapid City, SD 57701; 
        ; Phone: 605-343-0954; 
        ; Fax: 605-348-8600; 
    ; Website: ; http://www.dakotasjatc.org/;",http://www.dakotasjatc.org/,"; Jamie Hegleson; 
        ; director@dakotasjatc.org;"
Dakotas Electrical JATC,"; 3725 N. 4th Ave; 
        ; Sioux Falls, SD 57104; 
        ; Phone: 605-336-0370; 
        ; Fax: 605-335-7672;",,"; Adam Kidwell; 
        ; adamk@dakotasjatc.org;"
Chattanooga Electrical JATC,"; 3924 Volunteer Drive; 
        ; Chattanooga, TN 37416; 
        ; Phone: 423-894-9053; 
        ; Fax: 423-242-0056;",,"; Michael Varnell; 
        ; mvarnell@chattjatc.com;"
Tri-Cities Area JATC,"; P.O. Box 388; 
        ; Blountville, TN 37617; 
        ; Phone: 423-323-5411; 
        ; Fax: 423-323-5413;",,"; Jonathan Van Bremen; 
        ; td934jatc@yahoo.com;"
Electrician Training Academy Knoxville (ETAK),"; 6107 Central Avenue Pike; 
        ; Knoxville, TN 37912; 
        ; Phone: 865-379-6214; 
        ; Fax: 865-379-1712; 
    ; Website: ; http://www.etaknox.org;",http://www.etaknox.org,"; Todd Lykins; 
        ; etaknox@gmail.com;"
LU 1925 IBEW,"; 402 Jackson Street; 
        ; Martin, TN 38327; 
        ; Phone: 731-587-3457; 
        ; Fax: 731-587-3457;",,"; Carsten  Kradenpoth; 
        ; ibew1925@frontiernet.net;"
Memphis Electrical JATC,"; 6211 Shelby Oaks Drive; 
        ; Memphis, TN 38134; 
        ; Phone: 901-386-2301; 
        ; Fax: 901-937-8892;",,"; Daniel Luke Huffman; 
        ; Daniel.Huffman@memphiselectricaljatc.org;"
Nashville Electrical JATC,"; 310 Fesslers Lane; 
        ; Nashville, TN 37210; 
        ; Phone: 615-242-9950; 
        ; Fax: 615-242-0329; 
    ; Website: ; https://www.nejatc.org/;",https://www.nejatc.org/,"; John Ledwell; 
        ; john.ledwell@nejatc.org;"
Oak Ridge Electrical JATC,"; P.O. Box 4968; 
        ; Oak Ridge, TN 37831; 
        ; Phone: 865-483-9955; 
        ; Fax: 865-483-7945; 
    ; Website: ; http://www.orejatc.org ;",http://www.orejatc.org,"; Brad Hale; 
        ; bradhale.orejatc@gmail.com;"
Austin Electrical JATC,"; 4000 Caven Road; 
        ; Austin, TX 78744; 
        ; Phone: 512-389-3024; 
        ; Fax: 512-389-3455;",,"; Gabriel Flores; 
        ; gabe.flores@austineta.org;"
West Texas Electrical JATC,"; P.O. Box 245, 200 S. Fannin; 
        ; Amarillo, TX 79105; 
        ; Phone: 806-372-1581; 
        ; Fax: 806-331-6718; 
    ; Website: ; https://wtxjatc.org;",https://wtxjatc.org,"; Paul Salazar; 
        ; psalazarjatc@wtxjatc.org;"
Beaumont Electrical JATC,"; 707 Helena Avenue; 
        ; Nederland, TX 77627; 
        ; Phone: 409-727-3102; 
        ; Fax: 409-727-3103; 
    ; Website: ; http://www.electricaltrainingsetx.org;",http://www.electricaltrainingsetx.org,"; William P. Griffin II; 
        ; bgriffin479@sbcglobal.net;"
Texas Gulf Coast Electrical JATC,"; 5402 S. Staples Suite 101; 
        ; Corpus Christi, TX 78411; 
        ; Phone: 361-884-8414; 
        ; Fax: 361-884-5282;",,"; Roni Kelley; 
        ; electricalapprenticeship@ccjatc.net;"
North Texas Electrical JATC,"; 680 W. Tarrant Road; 
        ; Grand Prairie, TX 75050; 
        ; Phone: 972-266-8383; 
        ; Fax: 972-266-8303; 
    ; Website: ; http://www.ntejatc.org;",http://www.ntejatc.org,"; Jason Allen; 
        ; jallen@ntejatc.org;"
El Paso Electricians JATC,"; 6040 Luckett Court; 
        ; El Paso, TX 79932; 
        ; Phone: 915-872-9927; 
        ; Fax: 915-872-9928;",,"; Arturo Jimenez; 
        ; art@epjatc.com;"
Galveston Electrical JATC,"; 2509 FM 2004; 
        ; Texas City, TX 77591; 
        ; Phone: 409-933-9800; 
        ; Fax: 409-933-9893;",,"; Christopher Rhoads; 
        ; galvestonjatc@sbcglobal.net;"
Houston Electrical JATC,"; 108 Covern Street; 
        ; Houston, TX 77061; 
        ; Phone: 713-649-2739; 
        ; Fax: 713-649-1166;",,"; Gene A. Brinkmeyer; 
        ; brinkmeyer@att.net;"
East Texas Elec. JATC,"; 2936 Specialty Drive; 
        ; Tyler, TX 75707; 
        ; Phone: 903-838-8531; 
        ; Fax: 903-838-8532; 
    ; Website: ; http://www.etejatc.org ;",http://www.etejatc.org,"; Nikki Foster; 
        ; easttxjatc@gmail.com;"
LU 898 IBEW,"; 909 Caddo Street; 
        ; San Angelo, TX 76901; 
        ; Phone: 325-655-1401; 
        ; Fax: 325-655-2881;",,"; Megan Tatsch; 
        ; ibew0898@yahoo.com;"
South Texas Electrical JATC,"; 2503 Blanco Road; 
        ; San Antonio, TX 78212; 
        ; Phone: 210-225-8900; 
        ; Fax: 210-225-8907; 
    ; Website: ; http://www.sotxjatc.org;",http://www.sotxjatc.org,"; John L. Martin; 
        ; info@sotxjatc.org;"
Texarkana Elec. JATC,"; 114 Elm Street, P.O. Box 490; 
        ; Nash, TX 75569; 
        ; Phone: 903-838-8531; 
        ; Fax: 903-838-8532;",,"; Nikki Foster; 
        ; 301uniongirl@gmail.com;"
Waco Electricians Area Wide JATC,"; 1813 Orchard Lane; 
        ; Waco, TX 76705; 
        ; Phone: 254-754-3121; 
        ; Fax: 254-754-5855;",,"; Steve Lopez; 
        ; stevelopez1969@yahoo.com;"
Rio Grand Valley-Laredo JATC,"; 224 N Mc Coll Rd., Suite C/D; 
        ; McAllen, TX 78501; 
        ; Phone: 956-630-3108; 
        ; Fax: 956-630-3153;",,"; Osvaldo Cabada, Jr.; 
        ; rgvle_jatc2@yahoo.com;"
Wichita Falls JATC,"; 6111 Jacksboro Highway; 
        ; Wichita Falls, TX 76302; 
        ; Phone: 940-322-1661; 
        ; Fax: 940-723-9301;",,"; Crystal G. Gilley; 
        ; wfjatc@ibew681.org;"
Utah Electrical JATC,"; 7466 South Redwood Road; 
        ; West Jordan, UT 84084; 
        ; Phone: 801-975-1945; 
        ; Fax: 801-975-7424;",,"; Brian Vermouth; 
        ; brian@uteta.org;"
Mountain States Line Constructors JATC,"; 8781 South Redwood Road Suite 150; 
        ; West Jordan, UT 84088; 
        ; Phone: 801-562-2929; 
        ; Fax: 801-562-2939; 
    ; Website: ; http://www.mslcat.org ;",http://www.mslcat.org,"; Jeremy Whittaker; 
        ; jeremy@mslcat.rog;"
Hampton Roads JATC,"; 553 Industrial Park Drive; 
        ; Newport News, VA 23608; 
        ; Phone: 757-875-1744; 
        ; Fax: 757-875-1755;",,"; Gerald Dix; 
        ; apprenticeship@ibew 1340.com;"
Tidewater Electrical,"; 5315 Henneman Drive; 
        ; Norfolk, VA 23513; 
        ; Phone: 757-480-2812; 
        ; Fax: 757-480-2813;",,"; Meghan Hurt; 
        ; meghanhurt@tidewaterjatc80.com;"
Richmond Electricians JATC,"; 7914 Midlothian Turnpike; 
        ; Bon Air, VA 23235; 
        ; Phone: 804-752-8266; 
        ; Fax: 804-752-4554; 
    ; Website: ; http://www.rjatc.org;",http://www.rjatc.org,"; Steven Gregg Spicer; 
        ; admin@rjatc.org;"
Vermont Electrical JATC,"; 3 Gregory Drive; 
        ; S. Burlington, VT 05403; 
        ; Phone: 802-864-5864; 
        ; Fax: 802-862-6379;",,"; Michael Ponce; 
        ; mike@ibewlocal300.org;"
Northwest Wash. Electrical Industry JATC,"; 306 Anderson Road; 
        ; Mt. Vernon, WA 98273; 
        ; Phone: 360-428-5080; 
        ; Fax: 360-428-3374; 
    ; Website: ; http://www.nwejatc.org;",http://www.nwejatc.org,"; Robert E. Bartel; 
        ; rob.bartel@nwejatc.org;"
Columbia Basin Electrical Training Alliance,"; 142 N. Edison St; 
        ; Kennewick, WA 99336; 
        ; Phone: 509-783-0589; 
        ; Fax: 509-783-6721; 
    ; Website: ; http://www.jatc112.org;",http://www.jatc112.org,"; Geoff Arends; 
        ; g.arends@jatc112.org;"
Puget Sound Electrical JATC,"; 550 SW 7th Street; 
        ; Renton, WA 98057; 
        ; Phone: 425-228-1777; 
        ; Fax: 425-228-1778; 
    ; Website: ; http://www.psejatc.org;",http://www.psejatc.org,"; Ryan Bradt; 
        ; ryan@psejatc.org;"
Inland Empire Electrical Training Trust,"; 3210 E. Ferry Avenue; 
        ; Spokane, WA 99202; 
        ; Phone: 509-534-0922; 
        ; Fax: 509-534-1959; 
    ; Website: ; https://www.inlandelectrical.org;",https://www.inlandelectrical.org,"; Jon Medaris; 
        ; jon.medaris@inlandelectrical.org;"
SW Washington Electrical JATC,"; 3001 South 36th Street, Suite A; 
        ; Tacoma, WA 98409; 
        ; Phone: 253-475-2922; 
        ; Fax: 253-474-7945;",,"; Barry Blackburn; 
        ; barry@swjatc.org;"
Seattle City Light,"; 3613 4 th Avenue, South BLDG A, Room 154; 
        ; Seattle, WA 98134; 
        ; Phone: 206-386-0025; 
        ; Fax: 206-386-1664;",,"; Michiko Starks; 
        ; michiko.starks@seattle.gov;"
Tacoma Power,"; 3628 South 35th Street; 
        ; Tacoma, WA 98409; 
        ; Phone: null; 
        ; Fax: null;",,"; null null; 
        ; null;"
Appleton/Osh Kosh Area Electrical JATC,"; 2730 Dairy Drive, Suite 102; 
        ; Madison, WI 53718; 
        ; Phone: 608-221-3321; 
        ; Fax: 608-221-9864; 
    ; Website: ; http://www.wijatc.org;",http://www.wijatc.org,"; Mike Wagner; 
        ; mike@wijatc.org;"
Eau Claire Area Electrical JATC,"; 2730 Dairy Drive, Suite 102; 
        ; Madison, WI 53718; 
        ; Phone: 608-221-3321; 
        ; Fax: 608-221-9864; 
    ; Website: ; http://www.wijatc.org;",http://www.wijatc.org,"; Mike Wagner; 
        ; mike@wijatc.org;"
Northeast WI Area Electrical JATC,"; 2730 Dairy Drive, Suite 102; 
        ; Madison, WI 53718; 
        ; Phone: 608-221-3321; 
        ; Fax: 608-221-9864; 
    ; Website: ; http://www.wijatc.org;",http://www.wijatc.org,"; Mike Wagner; 
        ; mike@wijatc.org;"
Southcentral WI Area Electrical JATC,"; 17 S. River Street; 
        ; Janesville, WI 53545; 
        ; Phone: 608-752-0321; 
        ; Fax: 608-752-1262; 
    ; Website: ; http://www.wijatc.org;",http://www.wijatc.org,"; Mike Wagner; 
        ; mike@wijatc.org;"
Kenosha Area Electrical JATC,"; 2730 Dairy Drive, Suite 102; 
        ; Madison, WI 53718; 
        ; Phone: 608-221-3321; 
        ; Fax: 608-221-9864; 
    ; Website: ; http://www.wijatc.org;",http://www.wijatc.org,"; Mike Wagner; 
        ; mike@wijatc.org;"
Madison Area Electrical JATC,"; 2730 Dairy Drive, Suite 102; 
        ; Madison, WI 53718; 
        ; Phone: 608-221-3321; 
        ; Fax: 608-221-9864; 
    ; Website: ; http://www.wijatc.org;",http://www.wijatc.org,"; Mike Wagner; 
        ; mike@wijatc.org;"
Milwaukee Electrical Joint Apprenticeship,"; 6300 W Layton Ave; 
        ; Greenfield, WI 53220; 
        ; Phone: 414-543-9060; 
        ; Fax: 414-543-3388; 
    ; Website: ; http://www.mejatc.com;",http://www.mejatc.com,"; Dan Large; 
        ; dan@mejatc.com;"
Racine Area Electrical JATC,"; 2730 Dairy Drive, Suite 102; 
        ; Madison, WI 53718; 
        ; Phone: 608-221-3321; 
        ; Fax: 608-221-9864; 
    ; Website: ; http://www.wijatc.org;",http://www.wijatc.org,"; Mike Wagner; 
        ; mike@wijatc.org;"
WI River Valley Area Electrical JATC,"; 2730 Dairy Drive, Suite 102; 
        ; Madison, WI 53718; 
        ; Phone: 608-221-3321; 
        ; Fax: 608-221-9864; 
    ; Website: ; http://www.wijatc.org;",http://www.wijatc.org,"; Mike Wagner; 
        ; mike@wijatc.org;"
Charleston Area Elec. JATC,"; 810 Indiana Avenue; 
        ; Charleston, WV 25302; 
        ; Phone: 304-345-5166; 
        ; Fax: 304-344-0433;",,"; Dustin Vaughan; 
        ; dustinv@ibew466.org;"
Clarksburg Elec. JATC,"; 1001 N.1 2th Street; 
        ; Clarksburg, WV 26301; 
        ; Phone: 304-622-0151; 
        ; Fax: 304-622-2099;",,"; Richard ""Todd"" Berry; 
        ; tberry@ibew596.com;"
Huntington Electrical JATC,"; 1816 Madison Avenue; 
        ; Huntington, WV 25704; 
        ; Phone: 304-429-3841; 
        ; Fax: 304-429-3842; 
    ; Website: ; http://www.huntingtonjatc.org;",http://www.huntingtonjatc.org,"; Tim  Akers; 
        ; apprenticeship@huntingtonjatc.org;"
Parkersburg Joint App. & Training Committee,"; 1845 7th Street; 
        ; Parkersburg, WV 26101; 
        ; Phone: 304-485-7412; 
        ; Fax: 304-485-7413;",,"; Mark Holbert; 
        ; mark.ptec@gmail.com;"
Wheeling Elec. JATC,"; 82 Burkham Court; 
        ; Wheeling, WV 26003; 
        ; Phone: 304-242-3870; 
        ; Fax: 304-242-3946;",,"; Mark Dunfee Sr.; 
        ; markdunfee@aol.com;"
Wyoming Electrical JATC,"; 2080 N. Skyview Drive; 
        ; Casper, WY 82601; 
        ; Phone: 307-234-8311; 
        ; Fax: 307-234-6055; 
    ; Website: ; http://www.wyojatc.org;",http://www.wyojatc.org,"; Brenda Hopster Morgan; 
        ; bmorgan@wyojatc.org;"
Wyoming Electrical JATC,"; 2080 N. Skyview Drive; 
        ; Casper, WY 82601; 
        ; Phone: 307-234-8311; 
        ; Fax: 307-234-6055; 
    ; Website: ; http://www.wyojatc.org;",http://www.wyojatc.org,"; Brenda Hopster Morgan; 
        ; bmorgan@wyojatc.org;"
